episode,timestep,reward
33, 480, -11.6611
66, 960, -21.3477
105, 1440, 0.244
142, 1920, -17.3644
187, 2400, 0.9404
231, 2880, 0.7054
278, 3360, 0.1547
317, 3840, 1.2285
358, 4320, -12.0051
401, 4800, 0.9561
450, 5280, 0.9941
492, 5760, -7.3994
541, 6240, 0.3144
590, 6720, 0.8507
640, 7200, 0.9805
679, 7680, -3.1062
721, 8160, 0.7912
767, 8640, 0.6202
807, 9120, 0.5504
853, 9600, 1.3134
897, 10080, 1.9978
939, 10560, 1.0366
977, 11040, 2.198
1013, 11520, -0.0864
1055, 12000, 1.8577
1095, 12480, 0.8396
1129, 12960, -7.3754
1170, 13440, 2.3365
1211, 13920, 0.6673
1250, 14400, 1.4432
1290, 14880, 1.8881
1331, 15360, 2.0273
1368, 15840, 3.0823
1408, 16320, 2.5732
1446, 16800, 1.2479
1481, 17280, 3.7937
1515, 17760, 2.8211
1549, 18240, 2.9358
1576, 18720, 5.7652
1606, 19200, 4.6592
1635, 19680, 5.4298
1661, 20160, 6.2005
1685, 20640, 4.9876
1707, 21120, 8.8292
1731, 21600, 7.3505
1755, 22080, 8.0198
1776, 22560, -1.0411
1799, 23040, 9.4714
1818, 23520, 10.4949
1842, 24000, 6.4718
1861, 24480, 12.9559
1883, 24960, 9.7442
1902, 25440, 9.6023
1922, 25920, 8.6272
1942, 26400, 12.1578
1960, 26880, 6.0801
1977, 27360, 12.3479
1994, 27840, 12.9405
2010, 28320, 15.883
2029, 28800, 12.3956
2044, 29280, 20.4223
2060, 29760, 12.3992
2076, 30240, 18.6745
2090, 30720, 3.4841
2105, 31200, 16.2564
2120, 31680, 20.52
2135, 32160, 19.9178
2150, 32640, 21.4833
2164, 33120, 17.6224
2179, 33600, 20.4345
2194, 34080, 20.7304
2209, 34560, 22.2752
2226, 35040, 19.1201
2241, 35520, 21.2313
2257, 36000, 22.7064
2271, 36480, 25.1723
2286, 36960, 25.4366
2301, 37440, 28.002
2314, 37920, 29.7168
2329, 38400, 27.3377
2343, 38880, 31.0598
2357, 39360, 28.0462
2370, 39840, 33.3965
2385, 40320, 28.2006
2398, 40800, 34.1091
2410, 41280, 37.1591
2423, 41760, 37.4696
2437, 42240, 29.9053
2449, 42720, 34.1897
2463, 43200, 28.6224
2476, 43680, 31.6799
2488, 44160, 37.9017
2499, 44640, 36.0443
2510, 45120, 39.5629
2521, 45600, 39.9865
2532, 46080, 37.9582
2543, 46560, 40.8316
2554, 47040, 40.8073
2566, 47520, 40.1298
2576, 48000, 40.323
2588, 48480, 43.9217
2599, 48960, 42.1223
2611, 49440, 39.29
2623, 49920, 39.9214
2635, 50400, 30.3394
2646, 50880, 42.1416
2658, 51360, 43.2383
2669, 51840, 39.5934
2681, 52320, 41.1189
2693, 52800, 40.6197
2705, 53280, 43.2979
2717, 53760, 25.362
2728, 54240, 43.4516
2740, 54720, 42.7484
2751, 55200, 41.9739
2762, 55680, 42.1029
2774, 56160, 42.5438
2786, 56640, 42.3759
2798, 57120, 28.2132
2809, 57600, 41.5891
2821, 58080, 41.1756
2833, 58560, 41.3629
2845, 59040, 43.2698
2857, 59520, 41.7734
2869, 60000, 41.9766
2880, 60480, 34.2844
2892, 60960, 42.3543
2903, 61440, 43.7084
2914, 61920, 42.3718
2925, 62400, 42.3074
2936, 62880, 45.7502
2947, 63360, 44.2919
2959, 63840, 42.8806
2970, 64320, 44.274
2982, 64800, 42.793
2994, 65280, 42.9424
3005, 65760, 45.6441
3017, 66240, 41.7071
3029, 66720, 41.8529
3040, 67200, 44.7728
3052, 67680, 42.7644
3063, 68160, 45.2195
3074, 68640, 46.3485
3086, 69120, 41.8236
3098, 69600, 41.5845
3110, 70080, 41.8858
3121, 70560, 41.1889
3133, 71040, 43.3013
3144, 71520, 42.5786
3156, 72000, 44.3573
3166, 72480, 44.2208
3178, 72960, 42.697
3189, 73440, 44.0254
3200, 73920, 44.0922
3211, 74400, 44.6855
3222, 74880, 45.3467
3233, 75360, 41.9794
3244, 75840, 44.7079
3255, 76320, 43.8873
3266, 76800, 43.4734
3278, 77280, 41.8427
3289, 77760, 46.4234
3299, 78240, 44.115
3311, 78720, 44.3776
3322, 79200, 43.533
3333, 79680, 44.5295
3344, 80160, 42.6307
3355, 80640, 42.2764
3367, 81120, 42.7357
3378, 81600, 44.8792
3389, 82080, 45.2879
3401, 82560, 45.3499
3412, 83040, 44.7116
3423, 83520, 42.6739
3434, 84000, 45.5221
3445, 84480, 46.3143
3456, 84960, 45.5548
3468, 85440, 44.539
3479, 85920, 46.4535
3490, 86400, 45.3326
3502, 86880, 44.1679
3513, 87360, 44.2207
3525, 87840, 44.5268
3536, 88320, 43.9876
3548, 88800, 43.4927
3559, 89280, 43.1114
3571, 89760, 44.0507
3583, 90240, 42.9046
3595, 90720, 43.7649
3606, 91200, 44.2923
3617, 91680, 44.6646
3629, 92160, 45.7544
3640, 92640, 45.1112
3652, 93120, 45.7026
3663, 93600, 44.3604
3675, 94080, 44.3724
3687, 94560, 45.8634
3699, 95040, 45.1163
3710, 95520, 45.5889
3722, 96000, 46.3788
3733, 96480, 44.3304
3745, 96960, 46.1905
3757, 97440, 45.5116
3768, 97920, 46.246
3779, 98400, 44.2859
3791, 98880, 44.7636
3803, 99360, 45.5288
3815, 99840, 45.8305
3827, 100320, 43.7189
3839, 100800, 47.0423
3850, 101280, 44.0644
3862, 101760, 45.6874
3874, 102240, 45.4897
3886, 102720, 46.8286
3897, 103200, 45.5248
3909, 103680, 42.753
3921, 104160, 45.8324
3933, 104640, 43.3598
3946, 105120, 43.4176
3958, 105600, 45.041
3970, 106080, 44.6449
3982, 106560, 44.1985
3993, 107040, 44.7758
4005, 107520, 42.8232
4017, 108000, 41.9517
4029, 108480, 42.7871
4042, 108960, 44.3231
4054, 109440, 40.6746
4065, 109920, 44.7303
4077, 110400, 43.96
4089, 110880, 45.9258
4100, 111360, 42.6744
4113, 111840, 44.3275
4125, 112320, 44.4902
4136, 112800, 44.7239
4149, 113280, 45.0027
4161, 113760, 40.3788
4174, 114240, 44.1359
4186, 114720, 43.7362
4198, 115200, 45.3118
4210, 115680, 42.6517
4223, 116160, 32.8691
4235, 116640, 43.8659
4247, 117120, 33.3378
4258, 117600, 44.3091
4270, 118080, 44.4573
4282, 118560, 45.9569
4293, 119040, 46.1705
4305, 119520, 28.0438
4317, 120000, 43.3682
4328, 120480, 45.6329
4340, 120960, 45.7132
4352, 121440, 45.0446
4364, 121920, 44.2046
4376, 122400, 42.373
4388, 122880, 45.2856
4400, 123360, 34.8271
4412, 123840, 43.2489
4424, 124320, 45.283
4436, 124800, 27.0251
4448, 125280, 44.1395
4460, 125760, 32.5725
4472, 126240, 26.0564
4484, 126720, 46.2864
4496, 127200, 43.4412
4509, 127680, 32.1029
4521, 128160, 43.5679
4533, 128640, 45.2284
4545, 129120, 45.7587
4557, 129600, 45.0609
4569, 130080, 45.6984
4581, 130560, 43.6564
4593, 131040, 45.4468
4605, 131520, 43.3112
4617, 132000, 43.2042
4630, 132480, 45.6155
4642, 132960, 25.8226
4654, 133440, 46.4217
4666, 133920, 42.0079
4679, 134400, 45.6763
4691, 134880, 43.959
4704, 135360, 41.0641
4716, 135840, 45.8888
4728, 136320, 44.112
4740, 136800, 41.8874
4753, 137280, 43.8594
4765, 137760, 44.6494
4777, 138240, 44.2731
4789, 138720, 46.2648
4802, 139200, 43.9161
4814, 139680, 27.2272
4826, 140160, 46.4756
4838, 140640, 45.3883
4850, 141120, 45.0157
4861, 141600, 45.0717
4874, 142080, 44.7591
4886, 142560, 45.6386
4898, 143040, 43.5054
4910, 143520, 43.6001
4922, 144000, 42.7319
4934, 144480, 24.9822
4947, 144960, 25.8358
4959, 145440, 43.7352
4971, 145920, 45.2776
4983, 146400, 44.4451
4995, 146880, 47.3129
5007, 147360, 44.6919
5019, 147840, 45.6761
5032, 148320, 43.2167
5045, 148800, 41.5642
5057, 149280, 45.3286
5069, 149760, 45.6408
5082, 150240, 44.3409
5094, 150720, 44.2441
5106, 151200, 45.3249
5118, 151680, 43.7788
5130, 152160, 43.3625
5142, 152640, 44.2633
5154, 153120, 46.3512
5166, 153600, 43.5573
5178, 154080, 44.8006
5190, 154560, 45.7959
5202, 155040, 44.77
5214, 155520, 43.984
5225, 156000, 46.5016
5237, 156480, 33.9965
5249, 156960, 45.3297
5261, 157440, 46.059
5272, 157920, 45.5599
5284, 158400, 45.0123
5296, 158880, 43.3472
5308, 159360, 45.2076
5319, 159840, 43.8494
5331, 160320, 43.9269
5344, 160800, 43.1692
5355, 161280, 45.1283
5367, 161760, 45.4244
5379, 162240, 46.3986
5391, 162720, 43.9403
5402, 163200, 44.735
5414, 163680, 46.6309
5426, 164160, 45.5236
5438, 164640, 44.5098
5449, 165120, 47.7011
5462, 165600, 41.9363
5474, 166080, 44.9484
5485, 166560, 47.0109
5497, 167040, 45.4836
5509, 167520, 44.7242
5521, 168000, 43.7902
5533, 168480, 36.5872
5544, 168960, 42.9122
5556, 169440, 45.7073
5568, 169920, 42.9872
5580, 170400, 46.0048
5592, 170880, 42.5493
5603, 171360, 45.4382
5615, 171840, 46.5692
5627, 172320, 39.2064
5639, 172800, 47.1024
5651, 173280, 45.1261
5663, 173760, 45.5096
5675, 174240, 44.0218
5687, 174720, 46.8867
5699, 175200, 43.5238
5711, 175680, 43.9801
5723, 176160, 45.6649
5735, 176640, 47.2256
5747, 177120, 45.2284
5759, 177600, 44.1621
5771, 178080, 44.2352
5783, 178560, 44.6377
5795, 179040, 45.2411
5807, 179520, 46.3473
5819, 180000, 46.9041
5831, 180480, 45.5014
5843, 180960, 44.5975
5855, 181440, 45.9158
5867, 181920, 46.0043
5879, 182400, 47.3303
5891, 182880, 44.646
5903, 183360, 46.3217
5917, 183840, 30.7888
5929, 184320, 46.2376
5941, 184800, 32.8009
5954, 185280, 43.3956
5966, 185760, 28.2881
5978, 186240, 46.108
5990, 186720, 45.6585
6003, 187200, 44.3007
6015, 187680, 45.0309
6027, 188160, 46.0161
6040, 188640, 46.5955
6052, 189120, 46.2011
6064, 189600, 46.4556
6077, 190080, 46.667
6089, 190560, 43.1145
6102, 191040, 43.8204
6115, 191520, 44.0976
6127, 192000, 47.0494
6140, 192480, 46.2732
6152, 192960, 46.0494
6165, 193440, 44.0485
6178, 193920, 42.4003
6191, 194400, 46.2553
6204, 194880, 45.8004
6216, 195360, 45.5832
6229, 195840, 42.5751
6241, 196320, 45.5638
6254, 196800, 44.7154
6267, 197280, 45.6443
6280, 197760, 42.7359
6292, 198240, 43.2266
6304, 198720, 47.0413
6317, 199200, 45.9249
6330, 199680, 42.1464
6344, 200160, 32.2495
6357, 200640, 44.7563
6370, 201120, 46.0876
6382, 201600, 45.3504
6396, 202080, 43.9034
6409, 202560, 40.6127
6422, 203040, 46.4887
6434, 203520, 25.054
6447, 204000, 44.5682
6459, 204480, 45.6801
6472, 204960, 45.6516
6484, 205440, 43.7538
6497, 205920, 36.1849
6510, 206400, 44.4133
6521, 206880, 42.0649
6533, 207360, 43.9495
6546, 207840, 46.8497
6558, 208320, 43.7209
6571, 208800, 45.4697
6584, 209280, 39.7288
6596, 209760, 45.6639
6608, 210240, 45.2931
6621, 210720, 46.5198
6634, 211200, 46.0434
6646, 211680, 46.0702
6658, 212160, 45.6965
6671, 212640, 43.796
6684, 213120, 37.7404
6696, 213600, 45.8734
6710, 214080, 41.2447
6723, 214560, 46.749
6737, 215040, 39.1016
6750, 215520, 41.5242
6763, 216000, 42.7773
6775, 216480, 44.8793
6787, 216960, 45.6794
6800, 217440, 43.8712
6813, 217920, 36.6823
6826, 218400, 43.8313
6838, 218880, 45.5333
6850, 219360, 45.8625
6863, 219840, 42.9238
6875, 220320, 46.5156
6887, 220800, 44.5902
6900, 221280, 47.0519
6912, 221760, 41.336
6925, 222240, 45.016
6937, 222720, 47.3675
6949, 223200, 46.6227
6962, 223680, 45.4626
6974, 224160, 43.6728
6986, 224640, 43.6098
6999, 225120, 44.0015
7012, 225600, 41.7115
7024, 226080, 42.9648
7036, 226560, 47.4371
7049, 227040, 43.4804
7061, 227520, 43.3316
7074, 228000, 44.3968
7086, 228480, 46.3616
7099, 228960, 46.6758
7111, 229440, 47.271
7123, 229920, 44.5427
7137, 230400, 35.7112
7150, 230880, 46.3728
7162, 231360, 44.7679
7175, 231840, 46.0801
7188, 232320, 44.5309
7201, 232800, 31.3816
7213, 233280, 46.0436
7226, 233760, 46.4392
7239, 234240, 43.9874
7251, 234720, 46.3193
7265, 235200, 16.4016
7278, 235680, 38.3842
7291, 236160, 44.0507
7304, 236640, 42.2629
7318, 237120, 36.1146
7330, 237600, 43.7404
7343, 238080, 45.9375
7355, 238560, 44.7326
7368, 239040, 46.4736
7380, 239520, 46.5066
7393, 240000, 43.8357
7406, 240480, 43.5434
7418, 240960, 42.6209
7431, 241440, 45.5113
7443, 241920, 44.3547
7456, 242400, 46.1809
7468, 242880, 42.5872
7480, 243360, 44.7731
7493, 243840, 44.9962
7505, 244320, 43.8172
7517, 244800, 44.541
7529, 245280, 46.231
7542, 245760, 45.3793
7555, 246240, 45.0356
7568, 246720, 40.2699
7581, 247200, 20.3746
7593, 247680, 44.9136
7605, 248160, 46.2054
7618, 248640, 45.8984
7630, 249120, 46.5698
7642, 249600, 46.4777
7654, 250080, 46.6843
7666, 250560, 45.4512
7678, 251040, 43.1354
7691, 251520, 46.7224
7703, 252000, 44.0806
7715, 252480, 42.4232
7727, 252960, 45.5935
7739, 253440, 47.3232
7751, 253920, 46.1135
7764, 254400, 46.9037
7776, 254880, 46.8017
7788, 255360, 45.8569
7800, 255840, 46.373
7812, 256320, 46.2251
7823, 256800, 47.3287
7836, 257280, 46.1962
7848, 257760, 45.6276
7860, 258240, 47.8772
7872, 258720, 48.0855
7884, 259200, 45.4303
7897, 259680, 37.7911
7909, 260160, 45.2277
7922, 260640, 46.8877
7934, 261120, 46.5254
7946, 261600, 48.0546
7958, 262080, 44.1161
7971, 262560, 46.1893
7983, 263040, 47.4531
7995, 263520, 44.9956
8008, 264000, 46.9262
8020, 264480, 43.4648
8032, 264960, 45.5261
8045, 265440, 46.9611
8057, 265920, 47.3398
8069, 266400, 44.7227
8081, 266880, 44.5747
8094, 267360, 45.5123
8106, 267840, 46.9895
8118, 268320, 45.6595
8131, 268800, 41.4199
8144, 269280, 47.3021
8156, 269760, 47.2234
8168, 270240, 46.1974
8180, 270720, 47.2205
8193, 271200, 44.6931
8205, 271680, 47.1897
8218, 272160, 47.1618
8230, 272640, 47.4906
8242, 273120, 28.209
8255, 273600, 43.5555
8268, 274080, 46.1624
8280, 274560, 43.7608
8292, 275040, 46.1079
8306, 275520, 40.3545
8318, 276000, 46.2254
8330, 276480, 45.6454
8342, 276960, 45.014
8355, 277440, 46.8102
8367, 277920, 46.4302
8380, 278400, 48.4373
8392, 278880, 47.411
8405, 279360, 47.1783
8417, 279840, 43.4641
8430, 280320, 47.1775
8442, 280800, 47.0971
8455, 281280, 37.182
8468, 281760, 44.8387
8480, 282240, 44.5404
8493, 282720, 31.2221
8505, 283200, 44.5068
8519, 283680, 33.4828
8532, 284160, 44.5446
8545, 284640, 45.6489
8558, 285120, 42.862
8571, 285600, 47.6225
8584, 286080, 46.7996
8597, 286560, 16.9616
8610, 287040, 43.4805
8629, 287520, 18.5907
8643, 288000, 27.1055
8660, 288480, 15.7535
8676, 288960, 26.2082
8690, 289440, 27.4288
8704, 289920, 38.5927
8719, 290400, 34.344
8735, 290880, 30.5733
8750, 291360, 38.1914
8764, 291840, 28.7876
8777, 292320, 41.2071
8792, 292800, 35.9554
8807, 293280, 35.6623
8820, 293760, 44.2852
8832, 294240, 42.3779
8845, 294720, 30.4724
8858, 295200, 41.2398
8872, 295680, 39.1217
8884, 296160, 46.2541
8898, 296640, 43.1675
8910, 297120, 45.8991
8924, 297600, 40.3682
8936, 298080, 46.0475
8948, 298560, 46.4478
8960, 299040, 43.6873
8973, 299520, 46.1485
8985, 300000, 44.0083
8997, 300480, 47.4121
9009, 300960, 32.4236
9022, 301440, 42.8397
9034, 301920, 47.0547
9046, 302400, 43.8948
9058, 302880, 47.3251
9070, 303360, 46.0526
9083, 303840, 47.2838
9095, 304320, 46.3499
9107, 304800, 44.4825
9119, 305280, 47.7
9131, 305760, 45.2241
9143, 306240, 45.1058
9155, 306720, 46.4917
9167, 307200, 47.1328
9180, 307680, 46.8908
9192, 308160, 47.8033
9204, 308640, 47.9424
9216, 309120, 45.1988
9229, 309600, 45.9587
9242, 310080, 45.7859
9254, 310560, 44.7872
9266, 311040, 47.4096
9278, 311520, 44.2355
9290, 312000, 47.6851
9303, 312480, 43.3245
9315, 312960, 45.1384
9328, 313440, 42.238
9340, 313920, 45.7032
9352, 314400, 46.8435
9365, 314880, 44.3473
9377, 315360, 45.2723
9390, 315840, 46.7342
9403, 316320, 42.8178
9414, 316800, 46.4496
9427, 317280, 47.2325
9439, 317760, 47.8094
9452, 318240, 44.0568
9464, 318720, 45.418
9477, 319200, 43.9842
9489, 319680, 46.5268
9502, 320160, 46.5432
9515, 320640, 43.6169
9527, 321120, 46.0264
9539, 321600, 45.9164
9551, 322080, 45.6504
9564, 322560, 44.3406
9576, 323040, 47.5781
9588, 323520, 45.5198
9600, 324000, 47.1272
9613, 324480, 45.6123
9625, 324960, 45.7634
9637, 325440, 46.2454
9650, 325920, 26.9045
9662, 326400, 43.7848
9675, 326880, 43.3733
9687, 327360, 46.1434
9700, 327840, 44.5497
9712, 328320, 46.8773
9724, 328800, 41.0266
9738, 329280, 37.4257
9751, 329760, 45.8144
9763, 330240, 44.5673
9775, 330720, 46.7172
9787, 331200, 43.3029
9801, 331680, 41.7184
9813, 332160, 45.9222
9825, 332640, 44.2833
9837, 333120, 43.7333
9849, 333600, 44.4903
9862, 334080, 43.4141
9874, 334560, 44.9914
9886, 335040, 34.4787
9898, 335520, 48.679
9910, 336000, 48.2027
9923, 336480, 43.1126
9936, 336960, 42.8229
9948, 337440, 47.4031
9960, 337920, 45.3945
9973, 338400, 42.9773
9985, 338880, 47.7719
9996, 339360, 46.1309
10009, 339840, 46.6893
10020, 340320, 46.7606
10032, 340800, 45.7812
10044, 341280, 46.008
10056, 341760, 45.0451
10068, 342240, 44.3208
10080, 342720, 45.651
10092, 343200, 44.5069
10104, 343680, 44.6897
10115, 344160, 46.1537
10127, 344640, 46.5913
10139, 345120, 44.2235
10151, 345600, 46.0688
10163, 346080, 45.5447
10176, 346560, 45.8846
10189, 347040, 39.0675
10201, 347520, 46.6936
10213, 348000, 46.4046
10225, 348480, 44.2937
10237, 348960, 44.7059
10249, 349440, 46.2027
10261, 349920, 45.346
10274, 350400, 43.9302
10286, 350880, 45.3045
10298, 351360, 34.1424
10310, 351840, 43.2106
10323, 352320, 41.1491
10335, 352800, 44.5033
10347, 353280, 46.2652
10359, 353760, 45.5944
10371, 354240, 44.7981
10383, 354720, 45.7846
10395, 355200, 44.5595
10407, 355680, 46.7711
10419, 356160, 43.7786
10431, 356640, 46.9571
10443, 357120, 44.3436
10455, 357600, 44.2431
10467, 358080, 46.0654
10479, 358560, 47.2037
10491, 359040, 47.0474
10503, 359520, 32.7858
10515, 360000, 46.0297
10527, 360480, 36.266
10539, 360960, 44.6709
10551, 361440, 44.2001
10563, 361920, 44.7527
10576, 362400, 43.3677
10588, 362880, 44.2369
10600, 363360, 43.3557
10612, 363840, 45.4846
10624, 364320, 40.0725
10636, 364800, 46.1209
10648, 365280, 41.426
10659, 365760, 45.4897
10671, 366240, 44.1396
10683, 366720, 45.9501
10696, 367200, 40.0439
10708, 367680, 22.6794
10720, 368160, 46.6606
10732, 368640, 41.2111
10744, 369120, 45.5265
10757, 369600, 40.4589
10769, 370080, 43.59
10782, 370560, 41.7674
10793, 371040, 47.6426
10805, 371520, 39.5007
10817, 372000, 46.0423
10829, 372480, 43.3814
10841, 372960, 46.0849
10853, 373440, 29.6494
10865, 373920, 42.0161
10877, 374400, 46.0723
10889, 374880, 45.1763
10901, 375360, 44.3547
10913, 375840, 46.5857
10924, 376320, 46.0264
10936, 376800, 46.5076
10948, 377280, 45.5879
10960, 377760, 46.6709
10971, 378240, 44.7313
10984, 378720, 40.9665
10995, 379200, 44.4051
11007, 379680, 47.6905
11019, 380160, 47.0086
11030, 380640, 47.0858
11042, 381120, 46.8377
11053, 381600, 46.8565
11065, 382080, 21.2327
11077, 382560, 45.0345
11090, 383040, 40.6971
11102, 383520, 43.5144
11114, 384000, 47.1191
11126, 384480, 46.9265
11137, 384960, 46.7908
11149, 385440, 44.9659
11161, 385920, 46.6563
11172, 386400, 45.9413
11184, 386880, 46.7687
11195, 387360, 36.3128
11206, 387840, 46.1354
11219, 388320, 44.2125
11230, 388800, 44.7649
11242, 389280, 48.5178
11253, 389760, 46.9412
11265, 390240, 46.3436
11277, 390720, 44.708
11288, 391200, 43.6373
11300, 391680, 45.6217
11311, 392160, 46.6618
11323, 392640, 47.0926
11334, 393120, 45.013
11346, 393600, 25.9613
11358, 394080, 45.3924
11369, 394560, 46.7784
11381, 395040, 44.398
11393, 395520, 38.9688
11404, 396000, 43.1708
11416, 396480, 28.8644
11427, 396960, 43.8047
11439, 397440, 44.3796
11451, 397920, 46.0742
11463, 398400, 40.9364
11474, 398880, 43.9004
11486, 399360, 45.8353
11497, 399840, 47.9516
11509, 400320, 43.3408
11521, 400800, 47.0503
11533, 401280, 46.9439
11545, 401760, 42.2068
11556, 402240, 45.2924
11568, 402720, 45.0617
11580, 403200, 41.9437
11592, 403680, 46.5652
11603, 404160, 47.1199
11615, 404640, 44.6288
11627, 405120, 42.8272
11638, 405600, 46.4261
11650, 406080, 44.7936
11662, 406560, 25.8956
11673, 407040, 45.1649
11686, 407520, 45.022
11697, 408000, 44.3816
11709, 408480, 47.428
11720, 408960, 45.2792
11732, 409440, 44.9846
11743, 409920, 46.3466
11755, 410400, 48.2018
11766, 410880, 47.3789
11778, 411360, 46.1438
11789, 411840, 44.1626
11801, 412320, 47.0554
11812, 412800, 45.4936
11824, 413280, 46.8184
11835, 413760, 45.7698
11847, 414240, 45.1588
11858, 414720, 47.1771
11870, 415200, 29.3314
11881, 415680, 46.4708
11893, 416160, 45.1643
11904, 416640, 47.2401
11916, 417120, 44.3838
11929, 417600, 44.6762
11941, 418080, 42.2659
11953, 418560, 42.7911
11965, 419040, 43.6671
11976, 419520, 44.1812
11989, 420000, 36.2012
12000, 420480, 46.098
12011, 420960, 47.7264
12023, 421440, 43.7875
12034, 421920, 35.8247
12046, 422400, 45.4487
12057, 422880, 45.4059
12069, 423360, 43.7242
12080, 423840, 47.593
12091, 424320, -14.7564
12103, 424800, 44.938
12115, 425280, 27.7626
12126, 425760, 22.3199
12140, 426240, 39.0462
12151, 426720, 47.0429
12162, 427200, 47.2655
12174, 427680, 47.1689
12185, 428160, 45.9641
12197, 428640, 48.1545
12209, 429120, 42.9815
12220, 429600, 44.4923
12231, 430080, 30.0459
12243, 430560, 46.3922
12254, 431040, 47.0006
12265, 431520, 46.6451
12276, 432000, 46.2763
12287, 432480, 46.38
12299, 432960, 45.7331
12310, 433440, 47.0221
12322, 433920, 42.8129
12333, 434400, 47.4322
12344, 434880, 45.5333
12355, 435360, 45.7375
12367, 435840, 46.8048
12378, 436320, 45.8358
12389, 436800, 46.7048
12400, 437280, 46.2816
12411, 437760, 40.9314
12422, 438240, 47.3234
12434, 438720, 43.7246
12445, 439200, 48.3919
12456, 439680, 48.9858
12467, 440160, 45.7051
12478, 440640, 48.1116
12489, 441120, 47.3067
12500, 441600, 47.6041
12512, 442080, 46.5235
12523, 442560, 46.2247
12534, 443040, 47.9633
12544, 443520, 48.8941
12557, 444000, 44.467
12570, 444480, 39.3914
12581, 444960, 46.802
12592, 445440, 46.449
12603, 445920, 49.4512
12614, 446400, 45.9837
12625, 446880, 46.6011
12636, 447360, 46.084
12647, 447840, 48.5287
12658, 448320, 46.6485
12671, 448800, 37.3933
12683, 449280, 30.2576
12694, 449760, 46.9998
12706, 450240, 48.2037
12717, 450720, 47.6202
12728, 451200, 46.8619
12740, 451680, 42.8902
12751, 452160, 26.3946
12761, 452640, 47.8614
12772, 453120, 47.3365
12783, 453600, 46.4591
12794, 454080, 47.5165
12805, 454560, 48.0194
12817, 455040, 41.6657
12827, 455520, 47.9719
12838, 456000, 46.3861
12849, 456480, 48.0135
12859, 456960, 46.3808
12871, 457440, 44.9644
12881, 457920, 14.06
12892, 458400, 39.564
12903, 458880, 47.8639
12915, 459360, 41.9205
12926, 459840, 45.2417
12938, 460320, 43.0228
12949, 460800, 48.3784
12959, 461280, 45.8498
12970, 461760, 40.4795
12981, 462240, 44.1767
12992, 462720, 49.3694
13004, 463200, 41.9182
13015, 463680, 43.5743
13026, 464160, 46.8193
13037, 464640, 32.499
13047, 465120, 46.6466
13059, 465600, 41.0555
13069, 466080, 47.0113
13080, 466560, 47.7158
13091, 467040, 47.1837
13101, 467520, 46.4498
13112, 468000, 44.4625
13123, 468480, 43.709
13134, 468960, 45.2479
13144, 469440, 47.3608
13155, 469920, 45.6303
13166, 470400, 46.4089
13177, 470880, 39.3043
13188, 471360, 46.7316
13199, 471840, 45.5848
13210, 472320, 42.1441
13220, 472800, 46.3259
13231, 473280, 45.9553
13243, 473760, 43.3925
13253, 474240, 47.0549
13264, 474720, 46.1776
13275, 475200, 47.1725
13285, 475680, 43.3274
13297, 476160, 39.2386
13308, 476640, 45.9286
13318, 477120, 48.5876
13329, 477600, 44.2125
13340, 478080, 47.4964
13350, 478560, 48.775
13361, 479040, 47.94
13372, 479520, 48.173
13382, 480000, 48.1581
13393, 480480, 47.7126
13403, 480960, 45.4263
13414, 481440, 48.219
13425, 481920, 46.0165
13436, 482400, 46.2536
13446, 482880, 46.6095
13457, 483360, 45.8915
13467, 483840, 47.6341
13478, 484320, 31.0617
13488, 484800, 45.214
13499, 485280, 43.8764
13510, 485760, 43.1411
13522, 486240, 33.2229
13533, 486720, 40.1407
13544, 487200, 46.3499
13554, 487680, 46.0133
13565, 488160, 44.8429
13576, 488640, 47.2512
13587, 489120, 47.4179
13598, 489600, 46.8408
13609, 490080, 46.6021
13619, 490560, 49.4058
13630, 491040, 47.079
13642, 491520, 40.9365
13652, 492000, 30.9789
13663, 492480, 45.6994
13674, 492960, 46.9087
13685, 493440, 45.6217
13695, 493920, 40.8422
13706, 494400, 48.895
13717, 494880, 42.4984
13728, 495360, 48.4583
13739, 495840, 46.3129
13750, 496320, 46.6146
13761, 496800, 10.739
13772, 497280, 39.6651
13782, 497760, 46.4013
13793, 498240, 36.4272
13803, 498720, 46.2289
13814, 499200, 47.8898
13825, 499680, 44.5554
13835, 500160, 48.8036
13846, 500640, 46.8798
13857, 501120, 47.3362
13867, 501600, 48.3811
13877, 502080, 48.4291
13888, 502560, 46.492
13898, 503040, 48.3022
13910, 503520, 44.7694
13920, 504000, 48.0434
13931, 504480, 45.6737
13941, 504960, 47.7689
13952, 505440, 48.617
13963, 505920, 47.5452
13973, 506400, 25.4559
13984, 506880, 47.3261
13995, 507360, 31.1524
14005, 507840, 47.761
14016, 508320, 46.1977
14027, 508800, 19.0165
14038, 509280, 46.238
14048, 509760, 45.374
14058, 510240, 48.9415
14069, 510720, 48.0915
14080, 511200, 49.1359
14090, 511680, 45.6245
14101, 512160, 47.9688
14111, 512640, 48.3143
14122, 513120, 47.5481
14132, 513600, 47.9624
14142, 514080, 48.9267
14152, 514560, 47.1095
14163, 515040, 47.5275
14174, 515520, 47.3281
14184, 516000, 46.4451
14195, 516480, 48.0283
14206, 516960, 40.8989
14216, 517440, 45.9835
14227, 517920, 46.3665
14237, 518400, 47.1174
14248, 518880, 46.2712
14259, 519360, 47.3359
14269, 519840, 47.509
14280, 520320, 47.7768
14291, 520800, 47.8265
14301, 521280, 47.8405
14312, 521760, 46.9368
14323, 522240, 47.6064
14333, 522720, 46.5911
14344, 523200, 45.6423
14356, 523680, 46.8642
14367, 524160, 46.8682
14377, 524640, 47.1951
14388, 525120, 45.1261
14399, 525600, 48.2198
14410, 526080, 43.533
14421, 526560, 45.0315
14431, 527040, 47.6771
14442, 527520, 46.9298
14453, 528000, 45.1547
14463, 528480, 46.9636
14474, 528960, 46.4275
14485, 529440, 45.3088
14496, 529920, 47.4781
14507, 530400, 48.8335
14518, 530880, 46.2582
14528, 531360, 47.4059
14539, 531840, 48.4461
14549, 532320, 48.5021
14560, 532800, 48.5262
14571, 533280, 36.3296
14582, 533760, 46.6992
14593, 534240, 45.493
14603, 534720, 47.9251
14614, 535200, 45.8247
14625, 535680, 44.733
14636, 536160, 49.2789
14647, 536640, 43.4745
14658, 537120, 46.4596
14669, 537600, 45.3028
14679, 538080, 36.0219
14690, 538560, 45.0835
14702, 539040, 42.5475
14714, 539520, 42.0596
14724, 540000, 46.6841
14735, 540480, 45.2047
14746, 540960, 43.1784
14757, 541440, 47.3462
14768, 541920, 45.5876
14779, 542400, 46.6767
14789, 542880, 44.7894
14799, 543360, 48.3442
14810, 543840, 48.9249
14820, 544320, 46.2808
14832, 544800, 42.9615
14842, 545280, 46.7388
14853, 545760, 47.6192
14864, 546240, 47.0859
14874, 546720, 9.7488
14884, 547200, 46.2265
14896, 547680, 43.2623
14906, 548160, 46.0128
14916, 548640, 42.0102
14927, 549120, 47.3114
14937, 549600, 47.7538
14949, 550080, 42.9743
14960, 550560, 45.4515
14970, 551040, 45.8837
14981, 551520, 48.3029
14992, 552000, 48.1661
15003, 552480, 44.5828
15014, 552960, 45.7683
15024, 553440, 47.0661
15035, 553920, 49.4411
15047, 554400, 42.2496
15058, 554880, 44.7774
15068, 555360, 46.7979
15079, 555840, 47.2343
15090, 556320, 47.742
15101, 556800, 47.5075
15111, 557280, 45.0168
15121, 557760, 48.8846
15131, 558240, 15.8597
15142, 558720, 48.4459
15153, 559200, 47.4743
15163, 559680, 48.6872
15174, 560160, 46.2812
15184, 560640, 45.9007
15195, 561120, 48.3989
15206, 561600, 43.3515
15216, 562080, 33.4772
15229, 562560, 39.9302
15240, 563040, 22.7019
15250, 563520, 46.6434
15261, 564000, 49.8094
15271, 564480, 49.1785
15282, 564960, 45.1209
15293, 565440, 46.3032
15303, 565920, 49.3859
15314, 566400, 45.4079
15325, 566880, 48.5468
15335, 567360, 47.6288
15346, 567840, 49.9065
15357, 568320, 46.7925
15368, 568800, 48.9604
15379, 569280, 36.5614
15389, 569760, 48.9979
15400, 570240, 47.7591
15411, 570720, 48.0238
15422, 571200, 46.3318
15433, 571680, 47.1676
15443, 572160, 48.1568
15455, 572640, 45.8426
15465, 573120, 49.5594
15476, 573600, 49.0041
15487, 574080, 49.0261
15498, 574560, 47.7952
15509, 575040, 46.5635
15519, 575520, 47.124
15530, 576000, 44.7748
15541, 576480, 48.8234
15552, 576960, 47.7627
15563, 577440, 45.6111
15574, 577920, 49.1127
15585, 578400, 46.525
15596, 578880, 49.4329
15607, 579360, 48.055
15618, 579840, 47.4727
15628, 580320, 48.1818
15639, 580800, 48.9367
15650, 581280, 49.1621
15661, 581760, 48.4699
15672, 582240, 49.9821
15683, 582720, 33.5263
15694, 583200, 29.1071
15705, 583680, 48.2118
15715, 584160, 48.7613
15726, 584640, 47.7
15737, 585120, 17.2352
15748, 585600, 48.0761
15759, 586080, 45.6522
15770, 586560, 48.1666
15781, 587040, 46.6421
15791, 587520, 39.632
15803, 588000, 41.2368
15813, 588480, 46.9553
15824, 588960, 47.7058
15835, 589440, 48.4718
15846, 589920, 46.2603
15857, 590400, 45.0726
15867, 590880, 45.973
15878, 591360, 47.5532
15889, 591840, 25.5088
15900, 592320, 46.6593
15910, 592800, 28.607
15921, 593280, 45.8646
15931, 593760, 48.4624
15942, 594240, 47.4201
15952, 594720, 46.1382
15963, 595200, 47.3209
15974, 595680, 47.1099
15984, 596160, 46.2906
15995, 596640, 45.8751
16005, 597120, 49.0643
16016, 597600, 47.0419
16027, 598080, 48.2835
16037, 598560, 47.1721
16048, 599040, 47.8281
16058, 599520, 49.768
16069, 600000, 33.3182
16079, 600480, 47.3002
16090, 600960, 49.2309
16100, 601440, 47.8335
16111, 601920, 49.9234
16121, 602400, 47.053
16132, 602880, 47.6604
16142, 603360, 47.4054
16153, 603840, 45.746
16163, 604320, 48.4256
16174, 604800, 45.8875
16184, 605280, 48.2305
16195, 605760, 46.9558
16205, 606240, 46.5268
16217, 606720, 43.2268
16227, 607200, 48.4622
16238, 607680, 46.1923
16249, 608160, 45.807
16259, 608640, 46.3051
16270, 609120, 47.3796
16280, 609600, 47.5864
16291, 610080, 49.4751
16301, 610560, 46.885
16311, 611040, 49.4699
16322, 611520, 44.4932
16333, 612000, 24.7864
16344, 612480, 45.7995
16355, 612960, 46.8298
16365, 613440, 47.6641
16375, 613920, 44.509
16385, 614400, 46.5281
16396, 614880, 47.534
16407, 615360, 46.8526
16417, 615840, 45.4113
16428, 616320, 44.4857
16439, 616800, 46.3879
16449, 617280, 38.8521
16460, 617760, 47.089
16471, 618240, 44.348
16481, 618720, 47.4612
16492, 619200, 45.2947
16503, 619680, 47.0301
16513, 620160, 47.4775
16524, 620640, 46.4797
16535, 621120, 45.2329
16546, 621600, 44.5398
16556, 622080, 47.1771
16567, 622560, 46.2076
16577, 623040, 47.6214
16588, 623520, 46.0272
16598, 624000, 45.9675
16609, 624480, 47.0545
16619, 624960, 47.2852
16629, 625440, 48.1123
16640, 625920, 44.9881
16650, 626400, 47.4074
16661, 626880, 47.39
16671, 627360, 46.5982
16682, 627840, 48.0926
16692, 628320, 48.5808
16702, 628800, 45.6906
16713, 629280, 46.6264
16723, 629760, 44.9148
16733, 630240, 47.1648
16744, 630720, 45.4444
16755, 631200, 47.6633
16765, 631680, 45.7996
16776, 632160, 47.2122
16787, 632640, 45.078
16798, 633120, 46.5818
16808, 633600, 47.3442
16818, 634080, 47.6572
16828, 634560, 46.7296
16839, 635040, 47.4185
16849, 635520, 46.6765
16859, 636000, 47.0148
16869, 636480, 47.5278
16879, 636960, 49.0621
16890, 637440, 46.7409
16900, 637920, 49.2544
16911, 638400, 30.8519
16921, 638880, 46.3799
16931, 639360, 44.7862
16942, 639840, 47.0018
16952, 640320, 49.4431
16963, 640800, 49.0306
16973, 641280, 47.6696
16984, 641760, 48.5516
16994, 642240, 46.0789
17004, 642720, 46.2263
17015, 643200, 45.9602
17025, 643680, 45.4929
17035, 644160, 48.4676
17046, 644640, 38.2342
17056, 645120, 47.2128
17066, 645600, 10.0888
17076, 646080, 44.2367
17087, 646560, 48.0224
17097, 647040, 49.4527
17108, 647520, 46.014
17118, 648000, 46.3345
17128, 648480, 47.8092
17139, 648960, 45.7418
17149, 649440, 49.1214
17161, 649920, 13.0048
17171, 650400, 48.227
17182, 650880, 49.16
17193, 651360, 41.5886
17203, 651840, 47.4915
17213, 652320, 44.7063
17224, 652800, 49.2829
17235, 653280, 47.6692
17245, 653760, 47.7555
17256, 654240, 48.3344
17266, 654720, 46.7114
17277, 655200, 44.1094
17287, 655680, 46.8588
17297, 656160, 47.826
17308, 656640, 26.3891
17318, 657120, 47.0897
17329, 657600, 46.012
17340, 658080, 47.8724
17350, 658560, 42.9592
17361, 659040, 47.6429
17371, 659520, 46.5158
17381, 660000, 46.1284
17392, 660480, 47.3398
17402, 660960, 14.229
17412, 661440, 47.8853
17423, 661920, 46.1471
17433, 662400, 46.1437
17443, 662880, 49.303
17453, 663360, 47.4212
17464, 663840, 47.9127
17474, 664320, 49.3728
17484, 664800, 47.6227
17494, 665280, 49.5646
17504, 665760, 47.8332
17515, 666240, 48.211
17525, 666720, 48.3635
17535, 667200, 49.3189
17545, 667680, 48.4729
17555, 668160, 46.3861
17566, 668640, 48.8508
17576, 669120, 48.6726
17586, 669600, 45.8238
17597, 670080, 47.8718
17607, 670560, 49.702
17617, 671040, 49.5312
17627, 671520, 46.7066
17637, 672000, 48.8317
17647, 672480, 49.8329
17657, 672960, 49.6779
17668, 673440, 48.1363
17677, 673920, 50.1233
17687, 674400, 48.1552
17697, 674880, 47.054
17707, 675360, 47.9193
17716, 675840, 49.6463
17726, 676320, 49.9289
17735, 676800, 51.2551
17745, 677280, 49.0086
17755, 677760, 50.12
17765, 678240, 49.0856
17774, 678720, 51.2544
17784, 679200, 47.6476
17794, 679680, 50.5529
17804, 680160, 46.2897
17814, 680640, 48.4506
17824, 681120, 48.5708
17834, 681600, 48.9509
17844, 682080, 48.9309
17854, 682560, 48.5161
17863, 683040, 47.3441
17873, 683520, 48.0383
17883, 684000, 46.5676
17893, 684480, 46.9632
17903, 684960, 46.852
17913, 685440, 49.3076
17922, 685920, 49.6303
17932, 686400, 47.5455
17942, 686880, 48.1799
17952, 687360, 49.913
17961, 687840, 48.9829
17971, 688320, 49.9507
17980, 688800, 50.4176
17990, 689280, 47.2078
18000, 689760, 49.0246
18009, 690240, 34.9742
18019, 690720, 46.8048
18029, 691200, 46.097
18038, 691680, 45.2693
18048, 692160, 50.6471
18058, 692640, 50.195
18068, 693120, 48.2209
18078, 693600, 47.7195
18087, 694080, 47.9917
18097, 694560, 50.5647
18108, 695040, 36.0306
18117, 695520, 49.3552
18127, 696000, 47.5586
18137, 696480, 49.4656
18146, 696960, 49.4665
18156, 697440, 50.3357
18165, 697920, 49.8455
18175, 698400, 48.6128
18184, 698880, 49.6293
18194, 699360, 33.161
18203, 699840, 47.3427
18213, 700320, 49.8421
18223, 700800, 49.9113
18232, 701280, 50.3635
18242, 701760, 4.3113
18252, 702240, 47.7099
18262, 702720, 35.3932
18271, 703200, 48.9453
18280, 703680, 49.5842
18290, 704160, 11.8956
18300, 704640, 24.4227
18310, 705120, 47.8569
18320, 705600, 50.0954
18330, 706080, 42.9633
18340, 706560, 48.5502
18350, 707040, 49.3917
18360, 707520, 43.895
18370, 708000, 48.8898
18380, 708480, 49.5064
18390, 708960, 48.2652
18399, 709440, 46.0076
18409, 709920, 46.7694
18419, 710400, 47.5327
18429, 710880, 47.7939
18440, 711360, 39.3726
18449, 711840, 51.1411
18459, 712320, 36.1031
18470, 712800, 43.9873
18480, 713280, 49.7427
18490, 713760, 49.2129
18499, 714240, 47.5081
18509, 714720, 46.9277
18519, 715200, 47.4907
18529, 715680, 44.9311
18538, 716160, 48.4743
18548, 716640, 6.6619
18558, 717120, 42.2929
18569, 717600, 42.9547
18580, 718080, 29.6275
18589, 718560, 32.21
18599, 719040, 47.9806
18608, 719520, 49.1414
18619, 720000, 43.9954
18628, 720480, 45.6992
18638, 720960, 30.2827
18648, 721440, 48.467
18659, 721920, 17.2477
18669, 722400, 49.203
18679, 722880, 36.4392
18688, 723360, 50.422
18698, 723840, 39.3921
18708, 724320, 36.5205
18717, 724800, 47.1943
18728, 725280, 46.6261
18737, 725760, 48.3271
18747, 726240, 47.5516
18757, 726720, 44.5758
18768, 727200, 44.7241
18779, 727680, 23.9855
18789, 728160, 1.7088
18799, 728640, 15.2244
18808, 729120, 29.3713
18819, 729600, 43.8253
18828, 730080, 5.959
18838, 730560, 24.795
18847, 731040, 36.6765
18856, 731520, 47.5101
18865, 732000, 20.6773
18875, 732480, 46.8766
18885, 732960, 47.8281
18895, 733440, 47.9058
18906, 733920, 38.0988
18916, 734400, 49.5905
18926, 734880, 42.2165
18935, 735360, 10.164
18947, 735840, 36.7593
18958, 736320, 42.2114
18969, 736800, 40.9007
18980, 737280, 43.3293
18990, 737760, 45.6209
19000, 738240, 30.1165
19010, 738720, 45.2935
19020, 739200, 49.2527
19030, 739680, 48.36
19040, 740160, 46.7775
19049, 740640, 44.9722
19059, 741120, 46.589
19069, 741600, 47.5949
19079, 742080, 45.4378
19089, 742560, 44.5147
19099, 743040, 46.7167
19108, 743520, 15.322
19119, 744000, 47.5437
19128, 744480, 45.8712
19138, 744960, 47.7941
19149, 745440, 41.7209
19159, 745920, 48.1165
19169, 746400, 46.8055
19179, 746880, 46.7263
19188, 747360, 47.8792
19199, 747840, 27.1221
19209, 748320, 49.2501
19218, 748800, 47.2176
19228, 749280, 46.8349
19238, 749760, 46.8694
19248, 750240, 48.1826
19258, 750720, 46.3498
19267, 751200, 49.4299
19278, 751680, 44.8719
19288, 752160, 48.1244
19297, 752640, 47.5271
19308, 753120, 43.0239
19317, 753600, 46.0647
19328, 754080, 41.7452
19338, 754560, 47.2823
19348, 755040, 48.4412
19357, 755520, 49.4004
19367, 756000, 46.3245
19377, 756480, 49.0124
19387, 756960, 32.4053
19396, 757440, 49.3321
19406, 757920, 46.2315
19416, 758400, 35.9117
19427, 758880, 43.9108
19437, 759360, 49.4405
19446, 759840, 50.1004
19456, 760320, 12.3305
19466, 760800, 47.1864
19475, 761280, 48.9848
19486, 761760, 45.6622
19495, 762240, 49.3396
19505, 762720, 47.7531
19515, 763200, 48.0297
19525, 763680, 47.4006
19535, 764160, 46.3872
19545, 764640, 49.169
19555, 765120, 46.2621
19566, 765600, 44.533
19575, 766080, 3.3736
19585, 766560, 48.1401
19594, 767040, 47.2311
19604, 767520, 48.6889
19614, 768000, 48.5104
19624, 768480, 49.3648
19634, 768960, 48.5362
19643, 769440, 49.7071
19653, 769920, 48.2208
19663, 770400, 46.6736
19673, 770880, 48.4693
19683, 771360, 47.3758
19692, 771840, 49.9637
19702, 772320, 50.392
19712, 772800, 48.3448
19722, 773280, 46.9886
19732, 773760, 48.1814
19741, 774240, 49.2572
19751, 774720, 48.1328
19760, 775200, 50.5161
19770, 775680, 49.0152
19780, 776160, 48.8557
19790, 776640, 24.5811
19799, 777120, 49.6143
19809, 777600, 49.9401
19819, 778080, 48.5032
19829, 778560, 49.2514
19838, 779040, 49.0445
19849, 779520, 44.8014
19859, 780000, 45.9451
19869, 780480, 48.8712
19879, 780960, 47.6016
19888, 781440, 47.9272
19898, 781920, 49.8991
19908, 782400, 46.1379
19917, 782880, 47.1073
19927, 783360, 48.1362
19937, 783840, 46.3976
19947, 784320, 34.86
19957, 784800, 48.4136
19967, 785280, 49.0246
19977, 785760, 45.6727
19987, 786240, 47.8702
19997, 786720, 42.6921
20006, 787200, 48.6198
20016, 787680, 47.2712
20026, 788160, 48.0462
20036, 788640, 49.0084
20047, 789120, 44.5756
20057, 789600, 47.2605
20067, 790080, 47.8091
20077, 790560, 47.6096
20086, 791040, 49.5746
20096, 791520, 48.5965
20105, 792000, 49.8724
20116, 792480, 45.766
20126, 792960, 46.9189
20136, 793440, 45.3677
20146, 793920, 48.6319
20156, 794400, 47.4261
20166, 794880, 49.2036
20176, 795360, 44.0878
20185, 795840, 48.4804
20195, 796320, 48.9795
20205, 796800, 47.8715
20214, 797280, 49.5169
20224, 797760, 46.9537
20233, 798240, 49.8055
20243, 798720, 48.0146
20253, 799200, 47.6663
20263, 799680, 48.7414
20273, 800160, 47.8117
20282, 800640, 48.7666
20292, 801120, 47.7623
20302, 801600, 48.9407
20312, 802080, 48.4161
20321, 802560, 46.5181
20332, 803040, 42.9669
20342, 803520, 45.3423
20353, 804000, 44.6098
20363, 804480, 41.8696
20373, 804960, 44.3188
20384, 805440, 45.8726
20393, 805920, 48.8511
20404, 806400, 42.4608
20414, 806880, 47.3185
20424, 807360, 47.1051
20434, 807840, 49.3357
20443, 808320, 49.362
20453, 808800, 48.4918
20463, 809280, 48.918
20473, 809760, 48.0253
20482, 810240, 49.2208
20492, 810720, 48.5583
20502, 811200, 44.6091
20512, 811680, 47.8383
20522, 812160, 48.2538
20532, 812640, 45.1321
20542, 813120, 48.626
20552, 813600, 16.025
20562, 814080, 47.5107
20572, 814560, 48.8126
20582, 815040, 47.3779
20592, 815520, 36.2861
20601, 816000, 45.7743
20611, 816480, 48.3164
20621, 816960, 46.3582
20630, 817440, -6.2218
20640, 817920, 49.1157
20650, 818400, 43.7518
20659, 818880, 47.3789
20669, 819360, 41.7245
20678, 819840, 47.2369
20688, 820320, 47.41
20698, 820800, 47.9893
20708, 821280, 44.1428
20718, 821760, 45.3526
20728, 822240, 48.1043
20738, 822720, 48.2353
20748, 823200, 47.1969
20758, 823680, 48.1321
20768, 824160, 46.5969
20778, 824640, 48.1508
20789, 825120, 48.0227
20798, 825600, 48.0155
20808, 826080, 48.0225
20818, 826560, 47.5676
20828, 827040, 50.1189
20837, 827520, 49.8214
20847, 828000, 48.1009
20857, 828480, 48.2095
20866, 828960, 48.3626
20876, 829440, 48.1045
20886, 829920, 45.2024
20897, 830400, 46.4644
20907, 830880, 45.2461
20916, 831360, 48.4256
20927, 831840, 46.6899
20937, 832320, 47.6613
20947, 832800, 45.2427
20956, 833280, 48.7436
20966, 833760, 47.9612
20976, 834240, 46.9005
20986, 834720, 49.0637
20996, 835200, 47.1935
21006, 835680, 49.3772
21016, 836160, 46.5712
21026, 836640, 49.8496
21035, 837120, 48.1082
21046, 837600, 45.2176
21055, 838080, 48.0459
21065, 838560, 49.014
21075, 839040, 47.0843
21085, 839520, 43.5056
21095, 840000, 47.0077
21105, 840480, 47.0809
21115, 840960, 37.4933
21125, 841440, 46.1524
21135, 841920, 46.49
21144, 842400, 45.0781
21155, 842880, 44.2635
21164, 843360, 48.0493
21174, 843840, 48.0472
21184, 844320, 44.9277
21195, 844800, 47.363
21204, 845280, 48.7028
21214, 845760, 46.2546
21224, 846240, 44.2843
21234, 846720, 44.9961
21245, 847200, 43.1814
21255, 847680, 41.8238
21265, 848160, 48.3242
21275, 848640, 48.0569
21285, 849120, 44.9783
21294, 849600, 48.133
21304, 850080, 45.8535
21314, 850560, 47.2526
21324, 851040, 44.4131
21334, 851520, 46.2329
21343, 852000, 47.2207
21353, 852480, 45.9895
21364, 852960, 47.055
21373, 853440, 48.032
21382, 853920, 47.5838
21393, 854400, 44.8608
21402, 854880, 47.8024
21412, 855360, 48.7533
21421, 855840, 46.4887
21431, 856320, 47.8903
21441, 856800, 45.5672
21451, 857280, 47.5348
21460, 857760, 47.0598
21470, 858240, 50.5284
21480, 858720, 45.5637
21490, 859200, 46.8992
21500, 859680, 45.8146
21510, 860160, 48.3509
21520, 860640, 45.5444
21529, 861120, 49.1667
21539, 861600, 47.4144
21549, 862080, 49.3587
21559, 862560, 45.9484
21569, 863040, 46.8157
21579, 863520, 44.5284
21590, 864000, 43.8294
21600, 864480, 46.5091
21610, 864960, 45.3906
21620, 865440, 48.6954
21629, 865920, 48.2767
21639, 866400, 47.8339
21649, 866880, 47.3475
21659, 867360, 44.5956
21668, 867840, 7.0838
21678, 868320, 45.736
21688, 868800, 43.5731
21697, 869280, 47.1356
21707, 869760, 46.1971
21717, 870240, 48.6671
21726, 870720, 48.1493
21735, 871200, 50.2678
21745, 871680, 45.3609
21755, 872160, 44.8535
21764, 872640, 47.9748
21774, 873120, 47.9993
21783, 873600, 49.4808
21792, 874080, 48.8962
21801, 874560, 48.6879
21810, 875040, 47.7887
21820, 875520, 47.6232
21829, 876000, 49.015
21838, 876480, 49.3258
21848, 876960, 48.5473
21857, 877440, 27.7127
21866, 877920, 49.9423
21877, 878400, 45.08
21886, 878880, 47.7641
21896, 879360, 48.1863
21907, 879840, 46.2235
21916, 880320, 47.4838
21925, 880800, 46.1561
21935, 881280, 48.6205
21945, 881760, 45.093
21954, 882240, 48.163
21963, 882720, 48.3745
21972, 883200, 48.3171
21982, 883680, 40.5881
21992, 884160, 47.939
22001, 884640, 47.8525
22010, 885120, 47.4485
22020, 885600, 44.1616
22029, 886080, 45.3707
22038, 886560, 47.7211
22048, 887040, 47.8712
22057, 887520, 50.2944
22067, 888000, 47.5766
22077, 888480, 43.4152
22087, 888960, 48.8267
22096, 889440, 51.0534
22105, 889920, 50.0957
22114, 890400, 44.8578
22123, 890880, 48.971
22133, 891360, 49.7635
22142, 891840, 47.3212
22152, 892320, 40.388
22161, 892800, 48.3659
22171, 893280, 48.9472
22181, 893760, 30.1614
22191, 894240, 46.0123
22199, 894720, 49.0457
22210, 895200, 44.1592
22219, 895680, 42.8534
22229, 896160, 49.7256
22238, 896640, 47.681
22248, 897120, 46.7576
22257, 897600, 44.9225
22266, 898080, 49.6132
22275, 898560, 48.4804
22284, 899040, 46.083
22294, 899520, 46.196
22303, 900000, 32.4523
22313, 900480, 50.0531
22322, 900960, 46.4963
22332, 901440, 48.6429
22341, 901920, 48.3855
22351, 902400, 49.5293
22360, 902880, 47.2694
22371, 903360, 45.3727
22381, 903840, 43.0698
22391, 904320, 50.2292
22400, 904800, 50.1338
22410, 905280, 48.0665
22419, 905760, 50.9608
22428, 906240, 47.2986
22438, 906720, 45.2461
22447, 907200, 48.6018
22457, 907680, 50.0644
22467, 908160, 47.6016
22476, 908640, 45.5839
22486, 909120, 48.8367
22495, 909600, 47.4597
22505, 910080, 49.6077
22514, 910560, 48.8891
22524, 911040, 45.942
22533, 911520, 48.7036
22541, 912000, 49.2315
22551, 912480, 48.4055
22560, 912960, 47.3504
22570, 913440, 47.4078
22579, 913920, 50.0674
22588, 914400, 48.0324
22597, 914880, 48.779
22605, 915360, 49.055
22614, 915840, 46.4814
22624, 916320, 48.8519
22633, 916800, 47.0593
22642, 917280, 46.748
22651, 917760, 49.0376
22660, 918240, 49.9707
22669, 918720, 50.0793
22678, 919200, 49.3471
22688, 919680, 48.2005
22696, 920160, 49.4113
22705, 920640, 43.1804
22715, 921120, 50.2957
22724, 921600, 47.9716
22733, 922080, 49.5784
22743, 922560, 51.1183
22752, 923040, 49.7032
22761, 923520, 48.9304
22771, 924000, 45.9471
22781, 924480, 48.9464
22790, 924960, 49.535
22800, 925440, 49.894
22809, 925920, 48.5348
22819, 926400, 48.7293
22828, 926880, 49.191
22837, 927360, 50.0719
22847, 927840, 49.2263
22856, 928320, 50.3148
22865, 928800, 50.5574
22875, 929280, 48.6984
22884, 929760, 49.1223
22894, 930240, 48.2824
22904, 930720, 48.1537
22913, 931200, 50.047
22923, 931680, 47.7625
22932, 932160, 50.001
22942, 932640, 48.9298
22951, 933120, 49.5084
22961, 933600, 49.9321
22970, 934080, 49.8646
22980, 934560, 49.6226
22989, 935040, 51.0764
22998, 935520, 49.1782
23008, 936000, 47.4483
23018, 936480, 50.4403
23028, 936960, 46.35
23037, 937440, 9.2283
23046, 937920, 51.9236
23055, 938400, 51.4695
23064, 938880, 49.6452
23074, 939360, 49.3539
23083, 939840, 46.9117
23093, 940320, 47.9644
23103, 940800, 46.7716
23112, 941280, 49.5998
23122, 941760, 48.7346
23131, 942240, 48.7913
23141, 942720, 47.5169
23150, 943200, 45.5124
23159, 943680, 49.3301
23168, 944160, 51.1452
23177, 944640, 50.5938
23187, 945120, 49.2295
23196, 945600, 45.6836
23206, 946080, 48.4551
23215, 946560, 50.5281
23224, 947040, 49.5484
23234, 947520, 48.2828
23243, 948000, 47.7229
23253, 948480, 46.7385
23262, 948960, 48.1851
23271, 949440, 47.3319
23280, 949920, 49.844
23290, 950400, 49.7586
23299, 950880, 50.1657
23308, 951360, 49.1378
23317, 951840, 46.5691
23327, 952320, 45.9574
23336, 952800, 48.6928
23346, 953280, 49.5015
23355, 953760, 51.0917
23364, 954240, 50.4141
23373, 954720, 47.5414
23382, 955200, 46.2934
23392, 955680, 45.7134
23401, 956160, 48.7497
23410, 956640, 47.5516
23419, 957120, 49.1403
23428, 957600, 48.8964
23437, 958080, 49.7745
23446, 958560, 49.0101
23456, 959040, 50.5293
23465, 959520, 48.2306
23474, 960000, 49.5508
23484, 960480, 47.4034
23493, 960960, 48.4479
23502, 961440, 51.2853
23511, 961920, 49.6986
23521, 962400, 51.1558
23530, 962880, 48.8752
23539, 963360, 50.8897
23548, 963840, 49.1438
23557, 964320, 47.6589
23567, 964800, 47.1554
23576, 965280, 50.0308
23585, 965760, 26.9953
23594, 966240, 50.4484
23604, 966720, 18.672
23613, 967200, 49.8845
23622, 967680, 51.1745
23631, 968160, 49.3672
23641, 968640, 32.4836
23650, 969120, 46.847
23660, 969600, 48.4012
23669, 970080, 48.4836
23678, 970560, 51.261
23687, 971040, 48.2593
23697, 971520, 32.6327
23705, 972000, 51.8737
23715, 972480, 48.3001
23724, 972960, 50.9228
23732, 973440, 49.1247
23741, 973920, 25.7587
23751, 974400, 48.5943
23760, 974880, 49.5435
23769, 975360, 45.3762
23778, 975840, 49.4171
23787, 976320, 49.9202
23796, 976800, 49.6685
23806, 977280, 48.1578
23815, 977760, 42.0818
23824, 978240, 49.9045
23833, 978720, 47.8472
23841, 979200, 49.3119
23851, 979680, 48.6327
23859, 980160, 49.1976
23869, 980640, 48.4644
23878, 981120, 49.7294
23887, 981600, 48.8291
23896, 982080, 48.2633
23905, 982560, 50.0436
23914, 983040, 45.8946
23924, 983520, 47.5225
23933, 984000, 48.2216
23942, 984480, 50.2038
23950, 984960, 49.518
23959, 985440, 45.2866
23968, 985920, 51.1105
23976, 986400, 51.6324
23985, 986880, 48.6543
23994, 987360, 26.1769
24002, 987840, 49.7447
24011, 988320, 51.2152
24019, 988800, 27.4998
24028, 989280, 50.5665
24037, 989760, 50.439
24047, 990240, 48.7154
24056, 990720, 48.128
24065, 991200, 50.4219
24074, 991680, 44.3263
24083, 992160, 48.3287
24092, 992640, 48.884
24101, 993120, 47.5751
24110, 993600, 50.3362
24119, 994080, 49.1482
24128, 994560, 48.8106
24137, 995040, 48.3852
24146, 995520, 49.3394
24155, 996000, 49.803
24164, 996480, 41.3959
24173, 996960, 35.25
24181, 997440, 49.6731
24190, 997920, 51.5422
24199, 998400, 51.9404
24208, 998880, 51.4011
24217, 999360, 49.6539
24225, 999840, 51.5539
24234, 1000320, 51.1082
24243, 1000800, 51.1831
24252, 1001280, 50.4664
24262, 1001760, 46.5143
24270, 1002240, 50.4384
24279, 1002720, 49.2609
24288, 1003200, 51.969
24297, 1003680, 51.3892
24306, 1004160, 48.9452
24315, 1004640, 51.1963
24324, 1005120, 50.0836
24333, 1005600, 49.4189
24343, 1006080, 48.8235
24352, 1006560, 49.7275
24361, 1007040, 32.0244
24370, 1007520, 49.4146
24379, 1008000, 49.5955
24388, 1008480, 42.2498
24397, 1008960, 49.9111
24406, 1009440, 48.457
24415, 1009920, 49.7552
24424, 1010400, 49.6147
24434, 1010880, 51.8853
24443, 1011360, 49.5541
24452, 1011840, 50.2674
24461, 1012320, 50.5916
24470, 1012800, 49.0878
24480, 1013280, 49.3117
24489, 1013760, 50.6399
24497, 1014240, 51.3555
24506, 1014720, 47.3591
24515, 1015200, 49.1776
24525, 1015680, 48.4215
24534, 1016160, 47.4341
24543, 1016640, 47.3789
24552, 1017120, 48.4732
24561, 1017600, 48.3942
24570, 1018080, 47.2616
24579, 1018560, 42.8737
24588, 1019040, 50.6007
24598, 1019520, 26.6842
24606, 1020000, 50.3354
24615, 1020480, 47.9906
24624, 1020960, 47.8451
24633, 1021440, 52.884
24641, 1021920, 52.0294
24650, 1022400, 49.1872
24659, 1022880, 53.5625
24668, 1023360, 50.0514
24677, 1023840, 48.5851
24685, 1024320, 52.6642
24694, 1024800, 40.5846
24702, 1025280, 49.9654
24711, 1025760, 50.137
24720, 1026240, 48.3264
24729, 1026720, 49.7234
24738, 1027200, 50.2428
24747, 1027680, 48.1174
24756, 1028160, 47.174
24765, 1028640, 50.2301
24774, 1029120, 49.847
24783, 1029600, 50.444
24792, 1030080, 48.8187
24801, 1030560, 50.6052
24809, 1031040, 49.3606
24818, 1031520, 49.8683
24827, 1032000, 50.9245
24836, 1032480, 49.3578
24845, 1032960, 47.4677
24854, 1033440, 49.9421
24863, 1033920, 51.0036
24872, 1034400, 48.4334
24881, 1034880, -5.4946
24890, 1035360, 50.2763
24898, 1035840, 50.3923
24907, 1036320, 47.9201
24916, 1036800, 46.7795
24926, 1037280, 49.0075
24935, 1037760, 49.5637
24944, 1038240, 49.6755
24952, 1038720, 52.0888
24961, 1039200, 51.4075
24970, 1039680, 51.5793
24979, 1040160, 50.1984
24988, 1040640, 48.4772
24996, 1041120, 50.9243
25005, 1041600, 50.1071
25013, 1042080, 52.2056
25022, 1042560, 50.0457
25031, 1043040, 50.4526
25040, 1043520, 48.9281
25049, 1044000, 49.7345
25057, 1044480, 47.0277
25066, 1044960, 49.2592
25075, 1045440, 50.8524
25083, 1045920, 51.5204
25093, 1046400, 45.8425
25101, 1046880, 49.8504
25110, 1047360, 51.4025
25119, 1047840, 50.1991
25129, 1048320, 46.394
25138, 1048800, 47.0788
25147, 1049280, 51.8776
25156, 1049760, 50.8968
25165, 1050240, 50.1593
25174, 1050720, 49.2584
25183, 1051200, 49.3956
25192, 1051680, 50.1503
25201, 1052160, 48.5431
25210, 1052640, 50.0371
25218, 1053120, 49.3143
25227, 1053600, 50.5533
25237, 1054080, 48.7465
25245, 1054560, 50.1195
25254, 1055040, 49.1701
25263, 1055520, 52.3214
25271, 1056000, 49.5899
25280, 1056480, 27.0987
25289, 1056960, 51.2263
25298, 1057440, 2.6263
25306, 1057920, 48.9145
25315, 1058400, 49.595
25323, 1058880, 49.7468
25331, 1059360, 49.7519
25340, 1059840, 39.4645
25349, 1060320, 47.9067
25357, 1060800, 10.9312
25366, 1061280, 47.5032
25375, 1061760, 51.6901
25384, 1062240, 50.7934
25393, 1062720, 50.3268
25401, 1063200, 48.5557
25410, 1063680, 50.0527
25418, 1064160, 50.695
25427, 1064640, 50.3083
25435, 1065120, 51.1056
25444, 1065600, 14.6445
25452, 1066080, 22.6233
25461, 1066560, 39.5509
25470, 1067040, 38.9067
25479, 1067520, 47.3146
25488, 1068000, 48.4945
25497, 1068480, 50.5734
25506, 1068960, 50.419
25514, 1069440, 48.8576
25523, 1069920, 52.0228
25531, 1070400, 51.0576
25539, 1070880, 50.1383
25547, 1071360, 51.5967
25556, 1071840, 49.5041
25564, 1072320, 51.934
25572, 1072800, 51.9215
25581, 1073280, 50.4177
25590, 1073760, 47.7648
25598, 1074240, 52.6425
25607, 1074720, 50.5928
25615, 1075200, 51.6127
25624, 1075680, 52.4712
25633, 1076160, 49.1019
25642, 1076640, 49.8555
25650, 1077120, 48.5016
25659, 1077600, 49.8709
25668, 1078080, 51.7658
25676, 1078560, 51.1913
25685, 1079040, 51.4655
25693, 1079520, 50.0435
25702, 1080000, 50.8046
25710, 1080480, 53.9818
25718, 1080960, 49.7462
25726, 1081440, 50.6906
25735, 1081920, 48.9858
25744, 1082400, 50.4745
25752, 1082880, 52.8
25760, 1083360, 50.8979
25768, 1083840, 51.8495
25777, 1084320, 50.0201
25785, 1084800, 51.8075
25794, 1085280, 50.4823
25801, 1085760, 54.0491
25810, 1086240, 48.1855
25818, 1086720, 50.5247
25827, 1087200, 50.6882
25835, 1087680, 53.0697
25843, 1088160, 49.0144
25852, 1088640, 52.2244
25861, 1089120, 49.9677
25868, 1089600, 53.4012
25876, 1090080, 51.4699
25885, 1090560, 48.5471
25893, 1091040, 51.1296
25901, 1091520, 52.895
25909, 1092000, 51.4286
25917, 1092480, 52.375
25926, 1092960, 50.95
25935, 1093440, 50.7403
25943, 1093920, 50.8001
25952, 1094400, 52.0072
25960, 1094880, 51.6904
25968, 1095360, 50.7647
25976, 1095840, 51.8663
25985, 1096320, 49.9681
25993, 1096800, 52.1314
26002, 1097280, 51.7797
26010, 1097760, 52.1694
26019, 1098240, 50.9917
26027, 1098720, 50.4592
26035, 1099200, 50.9896
26043, 1099680, 50.7513
26051, 1100160, 53.137
26059, 1100640, 52.21
26067, 1101120, 52.9279
26075, 1101600, 51.9861
26083, 1102080, 50.5358
26091, 1102560, 51.2395
26100, 1103040, 54.0492
26108, 1103520, 14.2243
26116, 1104000, 51.9193
26124, 1104480, 47.9627
26132, 1104960, 52.8462
26141, 1105440, 50.9756
26149, 1105920, 50.6405
26157, 1106400, 0.6212
26165, 1106880, 50.2255
26173, 1107360, 51.161
26181, 1107840, 51.0019
26189, 1108320, 52.4735
26197, 1108800, 50.7359
26206, 1109280, 53.0386
26214, 1109760, 52.0209
26222, 1110240, 47.0133
26230, 1110720, 50.7197
26238, 1111200, -22.259
26247, 1111680, 49.1832
26256, 1112160, 50.2521
26264, 1112640, 48.6484
26272, 1113120, 51.5574
26280, 1113600, 52.6201
26288, 1114080, 51.1029
26297, 1114560, 52.0659
26305, 1115040, 52.8583
26314, 1115520, 49.227
26322, 1116000, 52.6161
26330, 1116480, 48.7233
26338, 1116960, 49.8474
26346, 1117440, 49.8418
26354, 1117920, 49.7252
26361, 1118400, 52.205
26369, 1118880, 51.136
26377, 1119360, 51.9851
26386, 1119840, 51.763
26394, 1120320, 48.3535
26402, 1120800, 39.9383
26410, 1121280, 52.5874
26418, 1121760, 35.7222
26426, 1122240, 51.2708
26434, 1122720, 51.4093
26442, 1123200, 48.4233
26450, 1123680, 20.8052
26458, 1124160, 51.1415
26467, 1124640, 51.0019
26475, 1125120, 48.4525
26484, 1125600, 46.6084
26492, 1126080, 27.6187
26500, 1126560, 49.8254
26508, 1127040, 51.9575
26516, 1127520, 50.8772
26524, 1128000, 50.1094
26532, 1128480, 48.7415
26541, 1128960, 49.8489
26549, 1129440, 31.3571
26557, 1129920, 47.4091
26565, 1130400, 47.0408
26574, 1130880, 51.6983
26582, 1131360, 44.5347
26590, 1131840, 49.1692
26599, 1132320, 45.4795
26607, 1132800, 46.5423
26615, 1133280, 46.1515
26623, 1133760, 52.3561
26631, 1134240, 50.148
26639, 1134720, 49.3865
26647, 1135200, 26.2066
26655, 1135680, 47.1324
26663, 1136160, 49.1826
26671, 1136640, 48.4437
26680, 1137120, 50.7803
26688, 1137600, 45.7869
26697, 1138080, 47.5079
26705, 1138560, 50.4168
26714, 1139040, 47.7812
26723, 1139520, 46.8688
26731, 1140000, 48.8475
26739, 1140480, 50.4409
26748, 1140960, 47.846
26756, 1141440, 51.6681
26764, 1141920, 48.0362
26772, 1142400, 49.821
26781, 1142880, 46.6869
26789, 1143360, 48.9523
26797, 1143840, 5.5582
26806, 1144320, 44.8363
26814, 1144800, 48.845
26822, 1145280, 45.0579
26830, 1145760, 52.2364
26838, 1146240, 31.6905
26846, 1146720, 46.1316
26855, 1147200, 49.0201
26863, 1147680, 49.5572
26871, 1148160, 50.3779
26879, 1148640, 50.1558
26887, 1149120, 52.7694
26894, 1149600, 48.8733
26902, 1150080, 54.0951
26910, 1150560, 46.7614
26918, 1151040, 49.5815
26926, 1151520, 49.0552
26934, 1152000, 50.6751
26942, 1152480, 46.8593
26950, 1152960, 49.4675
26958, 1153440, 50.4325
26965, 1153920, 50.0289
26973, 1154400, 49.7712
26981, 1154880, 32.0314
26989, 1155360, 49.0087
26996, 1155840, 53.7377
27004, 1156320, 52.3341
27012, 1156800, 48.8802
27021, 1157280, 34.0013
27028, 1157760, 52.8016
27037, 1158240, 46.9817
27044, 1158720, 45.5422
27052, 1159200, 50.0252
27060, 1159680, 51.372
27068, 1160160, 49.3425
27076, 1160640, 48.9442
27084, 1161120, 49.5442
27092, 1161600, 50.3841
27100, 1162080, 42.0672
27108, 1162560, 50.4319
27116, 1163040, 47.9416
27124, 1163520, 51.0312
27132, 1164000, 47.3451
27140, 1164480, 47.1978
27148, 1164960, 47.2693
27156, 1165440, 52.1455
27164, 1165920, 52.8487
27172, 1166400, 48.9967
27180, 1166880, 51.7301
27189, 1167360, 50.882
27196, 1167840, 51.2242
27204, 1168320, 53.0308
27212, 1168800, 48.4289
27219, 1169280, 54.0396
27227, 1169760, 51.7174
27235, 1170240, 49.0574
27243, 1170720, 53.1395
27250, 1171200, 53.4438
27258, 1171680, 51.5505
27266, 1172160, 51.5331
27274, 1172640, 50.199
27282, 1173120, 50.9782
27290, 1173600, 51.4029
27298, 1174080, 53.1461
27306, 1174560, 47.2302
27314, 1175040, -18.0662
27322, 1175520, 49.7096
27330, 1176000, 49.48
27338, 1176480, 50.276
27346, 1176960, 47.4657
27354, 1177440, 48.1667
27362, 1177920, 50.4421
27370, 1178400, 52.764
27379, 1178880, 46.6311
27386, 1179360, 53.9657
27394, 1179840, 50.9492
27402, 1180320, 53.6733
27410, 1180800, 49.0928
27418, 1181280, 51.8594
27426, 1181760, 51.5754
27434, 1182240, 34.34
27442, 1182720, 50.2571
27450, 1183200, 51.7217
27458, 1183680, 17.3581
27465, 1184160, 49.9029
27474, 1184640, 48.4515
27482, 1185120, 50.4457
27490, 1185600, 48.442
27498, 1186080, 49.6514
27506, 1186560, 50.8384
27514, 1187040, 48.7376
27523, 1187520, 49.0434
27531, 1188000, 49.3176
27539, 1188480, 50.9826
27546, 1188960, 50.1299
27554, 1189440, 48.1272
27562, 1189920, 50.6275
27571, 1190400, 47.8099
27578, 1190880, 49.185
27586, 1191360, 50.0046
27594, 1191840, 47.0108
27602, 1192320, 52.2628
27610, 1192800, 49.4414
27618, 1193280, 50.3259
27626, 1193760, 50.2697
27634, 1194240, 47.8236
27642, 1194720, 50.0661
27650, 1195200, 52.0929
27658, 1195680, 48.5087
27667, 1196160, 47.7507
27675, 1196640, 49.0623
27683, 1197120, 48.2952
27691, 1197600, 48.0329
27699, 1198080, 48.7672
27707, 1198560, 53.1572
27715, 1199040, 50.0453
27722, 1199520, 51.7141
27730, 1200000, 53.3724
27739, 1200480, 47.5035
27747, 1200960, 47.0961
27756, 1201440, 47.4256
27763, 1201920, 54.2041
27771, 1202400, 50.8347
27779, 1202880, 48.0643
27787, 1203360, 52.2372
27795, 1203840, 46.7638
27803, 1204320, 52.2287
27811, 1204800, 48.2933
27819, 1205280, 49.4287
27828, 1205760, 51.2385
27835, 1206240, 50.0075
27844, 1206720, 51.149
27852, 1207200, 50.3898
27860, 1207680, 47.1801
27868, 1208160, 23.4444
27877, 1208640, 46.6872
27886, 1209120, 50.3525
27895, 1209600, 49.3669
27903, 1210080, 49.7756
27911, 1210560, 49.2956
27920, 1211040, 48.1286
27928, 1211520, 46.6976
27936, 1212000, 51.3572
27944, 1212480, 47.8162
27952, 1212960, 51.1701
27960, 1213440, 49.5794
27968, 1213920, 51.199
27976, 1214400, 50.771
27984, 1214880, 36.8814
27992, 1215360, 50.1267
28000, 1215840, 3.4207
28008, 1216320, 51.3326
28016, 1216800, 48.6716
28024, 1217280, 49.6803
28032, 1217760, 51.9997
28040, 1218240, 48.8221
28047, 1218720, 23.2293
28055, 1219200, 50.5394
28063, 1219680, 48.7799
28072, 1220160, 34.7403
28079, 1220640, -30.5273
28086, 1221120, 51.6097
28094, 1221600, 50.5942
28102, 1222080, 47.0598
28110, 1222560, -17.6556
28118, 1223040, 49.5761
28125, 1223520, 49.4229
28132, 1224000, 55.2567
28140, 1224480, 45.692
28147, 1224960, 52.3936
28155, 1225440, 50.4892
28163, 1225920, 49.505
28171, 1226400, 49.2475
28179, 1226880, 47.8925
28187, 1227360, 53.7254
28194, 1227840, 50.1595
28203, 1228320, 46.8186
28211, 1228800, 51.2116
28220, 1229280, 48.5608
28227, 1229760, 49.3456
28235, 1230240, 50.1349
28242, 1230720, 48.6686
28250, 1231200, 54.182
28257, 1231680, 51.4298
28265, 1232160, 50.196
28274, 1232640, 45.3133
28282, 1233120, 49.253
28290, 1233600, 47.2077
28298, 1234080, 52.0923
28305, 1234560, 54.0724
28313, 1235040, 48.252
28321, 1235520, 53.1543
28328, 1236000, 54.1075
28335, 1236480, 41.5991
28343, 1236960, -21.4444
28351, 1237440, 49.4299
28359, 1237920, 47.3991
28367, 1238400, 53.1962
28374, 1238880, 48.3205
28382, 1239360, 49.3813
