episode,timestep,reward,cumulative_reward,done
1,1,0.1866020820601956,0.1866020820601956,False
1,2,0.18657738150586314,0.37317946356605874,False
1,3,0.186541773369287,0.5597212369353457,False
1,4,0.18647432861581464,0.7461955655511603,False
1,5,0.18635051399915645,0.9325460795503168,False
1,6,0.18614998697951898,1.1186960665298358,False
1,7,0.18584937135304527,1.3045454378828811,False
1,8,0.18541931922956514,1.4899647571124464,False
1,9,0.18483332436386307,1.6747980814763095,False
1,10,0.1840607536846226,1.858858835160932,False
1,11,0.1830789653537131,2.041937800514645,False
1,12,0.18185487931922192,2.223792679833867,False
1,13,0.1803629715815981,2.404155651415465,False
1,14,0.17857195483789304,2.582727606253358,False
1,15,0.17644214119822055,2.7591697474515784,False
1,16,0.1739284825116046,2.933098229963183,False
1,17,0.17098038704386156,3.1040786170070445,False
1,18,0.16756645475973267,3.2716450717667773,False
1,19,0.163654081468998,3.4352991532357753,False
1,20,-10.0,-6.564700846764225,False
1,21,-10.0,-16.564700846764225,False
1,22,-10.0,-26.564700846764225,False
1,23,-10.0,-36.564700846764225,False
1,24,-10.0,-46.564700846764225,False
1,25,-10.0,-56.564700846764225,False
1,26,-10.0,-66.56470084676423,True
2,27,0.18668936611521136,0.18668936611521136,False
2,28,0.18732226215966205,0.37401162827487344,False
2,29,0.18930435292643763,0.5633159812013111,False
2,30,0.19357281794349737,0.7568887991448084,False
2,31,0.19913062995293485,0.9560194290977433,False
2,32,0.20527171318211718,1.1612911422798604,False
2,33,0.21067878622984598,1.3719699285097064,False
2,34,0.2140260382611697,1.585995966770876,False
2,35,0.21404218973235342,1.8000381565032295,False
2,36,0.20989196844647182,2.0099301249497015,False
2,37,0.2012954321265341,2.2112255570762356,False
2,38,0.1874244648424284,2.398650021918664,False
2,39,0.18711955081851794,2.585769572737182,False
2,40,0.18651284205527782,2.77228241479246,False
2,41,0.1855034017593583,2.9577858165518185,False
2,42,0.18397101096551322,3.1417568275173315,False
2,43,0.18177312964156384,3.3235299571588954,False
2,44,-10.0,-6.676470042841105,False
2,45,-10.0,-16.676470042841103,False
2,46,-10.0,-26.676470042841103,False
2,47,-10.0,-36.6764700428411,True
3,48,0.18661169349857137,0.18661169349857137,False
3,49,0.18659595182194125,0.37320764532051265,False
3,50,0.18655271096047704,0.5597603562809896,False
3,51,0.18644686634494903,0.7462072226259386,False
3,52,0.1862409628092642,0.9324481854352028,False
3,53,0.18590750217852514,1.118355687613728,False
3,54,0.18541370584011094,1.3037693934538388,False
3,55,0.18471157544114555,1.4884809688949843,False
3,56,0.1837391496794684,1.6722201185744527,False
3,57,0.1824377603469019,1.8546578789213546,False
3,58,0.18074929613952398,2.0354071750608784,False
3,59,0.17862461826911175,2.21403179332999,False
3,60,0.1760061874217115,2.3900379807517016,False
3,61,0.17281807736079852,2.5628560581125,False
3,62,0.16897236293544665,2.731828421047947,False
3,63,0.16437838134910523,2.896206802397052,False
3,64,-10.0,-7.103793197602948,False
3,65,-10.0,-17.103793197602947,False
3,66,-10.0,-27.103793197602947,False
3,67,-10.0,-37.10379319760295,True
4,68,0.18660071383070428,0.18660071383070428,False
4,69,0.18656334378591874,0.373164057616623,False
4,70,0.1865058971057499,0.5596699547223729,False
4,71,0.18642460225136923,0.7460945569737422,False
4,72,0.18631388342013147,0.9324084403938736,False
4,73,0.18614005452624677,1.1185484949201203,False
4,74,0.18585477546401255,1.3044032703841328,False
4,75,0.18540198728339835,1.4898052576675311,False
4,76,0.18471310326687038,1.6745183609344014,False
4,77,0.18367761859995657,1.8581959795343579,False
4,78,0.18219141136975142,2.0403873909041095,False
4,79,0.18014900502428063,2.22053639592839,False
4,80,0.17740963341143937,2.3979460293398294,False
4,81,0.17384361885845676,2.571789648198286,False
4,82,0.16933283277040956,2.741122480968696,False
4,83,0.16377005940858805,2.904892540377284,False
4,84,-10.0,-7.0951074596227155,True
5,85,0.186721079724521,0.186721079724521,False
5,86,0.18756083379742752,0.3742819135219485,False
5,87,0.18900466323793866,0.5632865767598871,False
5,88,0.1900772622172173,0.7533638389771045,False
5,89,0.18992681181494492,0.9432906507920493,False
5,90,0.18831791985884755,1.131608570650897,False
5,91,0.1866305100102119,1.3182390806611088,False
5,92,0.18653699602573576,1.5047760766868445,False
5,93,0.1863248898508283,1.6911009665376728,False
5,94,0.18596044847828874,1.8770614150159615,False
5,95,0.1854124502090527,2.062473865225014,False
5,96,0.18464008719599648,2.2471139524210106,False
5,97,0.18358041712575926,2.43069436954677,False
5,98,0.1821356257749567,2.612829995321727,False
5,99,0.18018689523705447,2.7930168905587816,False
5,100,0.17761469379538797,2.9706315843541695,False
5,101,0.17428935066642742,3.144920935020597,False
5,102,0.17008242097249912,3.315003355993096,False
5,103,-10.0,-6.684996644006905,False
5,104,-10.0,-16.684996644006905,False
5,105,-10.0,-26.684996644006905,True
6,106,0.18661494613900254,0.18661494613900254,False
6,107,0.18659419171755717,0.37320913785655974,False
6,108,0.18652864239833217,0.559737780254892,False
6,109,0.1863916592163598,0.7461294394712518,False
6,110,0.18613180187749648,0.9322612413487482,False
6,111,0.18568788355689897,1.1179491249056472,False
6,112,0.18498635158663854,1.3029354764922858,False
6,113,0.1839570273859854,1.4868925038782712,False
6,114,0.18251483872624327,1.6694073426045144,False
6,115,0.18056499114687816,1.8499723337513925,False
6,116,0.1780123530780072,2.0279846868293996,False
6,117,0.17475839522330758,2.202743082052707,False
6,118,0.17071139914657404,2.373454481199281,False
6,119,0.1657868561871234,2.5392413373864047,False
6,120,0.1598940876308829,2.6991354250172876,False
6,121,-10.0,-7.300864574982713,False
6,122,-10.0,-17.30086457498271,True
7,123,0.18668874406520483,0.18668874406520483,False
7,124,0.1872023903271334,0.37389113439233823,False
7,125,0.18778336286191072,0.5616744972542489,False
7,126,0.1877986514051098,0.7494731486593587,False
7,127,0.1870996604095366,0.9365728090688953,False
7,128,0.1864390785513661,1.1230118876202613,False
7,129,0.18637452449402697,1.3093864121142882,False
7,130,0.18648668734078125,1.4958730994550695,False
7,131,0.19081882281478801,1.6866919222698575,False
7,132,0.19825877529833383,1.8849506975681913,False
7,133,0.20847519319011035,2.0934258907583017,False
7,134,0.2212854603737081,2.3147113511320097,False
7,135,0.23572313894514924,2.550434490077159,False
7,136,0.25030045191185735,2.8007349419890164,False
7,137,0.2637582019821494,3.064493143971166,False
7,138,0.27462142617759694,3.339114570148763,False
7,139,0.28238400223844307,3.621498572387206,False
7,140,0.28624216009316694,3.907740732480373,False
7,141,0.2857136135509253,4.193454346031298,False
7,142,0.28062455956193094,4.474078905593228,False
7,143,0.2708706121140082,4.744949517707236,False
7,144,-10.0,-5.255050482292764,False
7,145,-10.0,-15.255050482292763,False
7,146,-10.0,-25.255050482292763,False
7,147,-10.0,-35.25505048229276,False
7,148,-10.0,-45.25505048229276,False
7,149,-10.0,-55.25505048229276,False
7,150,-10.0,-65.25505048229276,False
7,151,-10.0,-75.25505048229276,False
7,152,-10.0,-85.25505048229276,False
7,153,-10.0,-95.25505048229276,True
8,154,0.18665275573729878,0.18665275573729878,False
8,155,0.18692361513478667,0.37357637087208545,False
8,156,0.1867826764078512,0.5603590472799367,False
8,157,0.18648493477614828,0.7468439820560849,False
8,158,0.1863778796996498,0.9332218617557347,False
8,159,0.18616762291191818,1.1193894846676529,False
8,160,0.1857936657850013,1.305183150452654,False
8,161,0.18521754156584058,1.4904006920184947,False
8,162,0.1843933798342274,1.674794071852722,False
8,163,0.1832706576794979,1.8580647295322201,False
8,164,0.18179610581555275,2.0398608353477727,False
8,165,0.1799101519415346,2.219770987289307,False
8,166,0.17755900720548898,2.3973299944947963,False
8,167,0.17467713200343096,2.572007126498227,False
8,168,0.1711959452289154,2.7432030717271427,False
8,169,-10.0,-7.256796928272857,False
8,170,-10.0,-17.256796928272855,False
8,171,-10.0,-27.256796928272855,False
8,172,-10.0,-37.256796928272855,False
8,173,-10.0,-47.256796928272855,False
8,174,-10.0,-57.256796928272855,False
8,175,-10.0,-67.25679692827285,True
9,176,0.18661812057158003,0.18661812057158003,False
9,177,0.18660583033482672,0.37322395090640675,False
9,178,0.18656617810900508,0.5597901290154118,False
9,179,0.18648181362528737,0.7462719426406992,False
9,180,0.18630573229662872,0.9325776749373279,False
9,181,0.18600945584294756,1.1185871307802755,False
9,182,0.1855511459442849,1.3041382767245604,False
9,183,0.18486937944608076,1.4890076561706411,False
9,184,0.18389901256941713,1.6729066687400582,False
9,185,0.1825551565121383,1.8554618252521966,False
9,186,0.1807315243411878,2.0361933495933844,False
9,187,0.1783102086073479,2.2145035582007324,False
9,188,0.1751714566027657,2.389675014803498,False
9,189,0.17121021900549568,2.560885233808994,False
9,190,0.16631105337412821,2.727196287183122,False
9,191,-10.0,-7.272803712816878,False
9,192,-10.0,-17.272803712816877,True
10,193,0.1866087919324727,0.1866087919324727,False
10,194,0.1865850026573516,0.37319379458982427,False
10,195,0.1865380459829074,0.5597318405727316,False
10,196,0.1864528651790212,0.7461847057517528,False
10,197,0.18629700393450607,0.9324817096862589,False
10,198,0.18603215739564977,1.1185138670819086,False
10,199,0.18561987876452496,1.3041337458464335,False
10,200,0.18499200815551697,1.4891257540019505,False
10,201,0.18405239304696794,1.6731781470489184,False
10,202,0.18269756589931452,1.855875712948233,False
10,203,0.18082966611249937,2.0367053790607326,False
10,204,0.17834373461129605,2.2150491136720287,False
10,205,0.1751279181322503,2.390177031804279,False
10,206,0.17107141279349755,2.561248444597777,False
10,207,0.1660640839629784,2.727312528560755,False
10,208,-10.0,-7.272687471439244,False
10,209,-10.0,-17.272687471439244,True
11,210,0.18665206925087582,0.18665206925087582,False
11,211,0.1869251568573089,0.3735772261081847,False
11,212,0.18716829076141794,0.5607455168696027,False
11,213,0.18685242473493816,0.7475979416045408,False
11,214,0.1865133380339817,0.9341112796385226,False
11,215,0.1864358948018603,1.1205471744403828,False
11,216,0.18628820949976044,1.3068353839401432,False
11,217,0.18602595771757546,1.4928613416577186,False
11,218,0.18560896966217932,1.6784703113198978,False
11,219,0.18500061406882792,1.8634709253887256,False
11,220,0.18417142826321892,2.0476423536519444,False
11,221,0.1830932689491662,2.2307356226011104,False
11,222,0.18173416042067714,2.4124697830217876,False
11,223,0.18006904662012582,2.5925388296419136,False
11,224,0.17806358947390452,2.7706024191158183,False
11,225,0.17565448916686408,2.9462569082826824,False
11,226,0.17277941552161344,3.1190363238042957,False
11,227,0.16938553302030665,3.2884218568246024,False
11,228,-10.0,-6.711578143175398,False
11,229,-10.0,-16.711578143175398,False
11,230,-10.0,-26.711578143175398,False
11,231,-10.0,-36.7115781431754,False
11,232,-10.0,-46.7115781431754,False
11,233,-10.0,-56.7115781431754,False
11,234,-10.0,-66.7115781431754,True
12,235,0.1866178360084303,0.1866178360084303,False
12,236,0.1865983819940627,0.373216218002493,False
12,237,0.18656552886703814,0.5597817468695312,False
12,238,0.18652676488956932,0.7463085117591005,False
12,239,0.18646716828478296,0.9327756800438834,False
12,240,0.18638676685114153,1.119162446895025,False
12,241,0.18626856150888849,1.3054310084039136,False
12,242,0.1860765371657184,1.491507545569632,False
12,243,0.18577067112380966,1.6772782166934417,False
12,244,0.18530454533734678,1.8625827620307884,False
12,245,0.18462075218587892,2.047203514216667,False
12,246,0.18364704106733196,2.230850555283999,False
12,247,0.1823145971687974,2.4131651524527964,False
12,248,0.18055080036064144,2.593715952813438,False
12,249,0.17826260101576885,2.7719785538292068,False
12,250,0.17534718372956665,2.9473257375587734,False
12,251,-10.0,-7.052674262441227,False
12,252,-10.0,-17.052674262441226,True
13,253,0.1866162204217298,0.1866162204217298,False
13,254,0.18661197520906322,0.373228195630793,False
13,255,0.1865860186969848,0.5598142143277778,False
13,256,0.1864953810944416,0.7463095954222194,False
13,257,0.18631910099242052,0.93262869641464,False
13,258,0.18602961373974156,1.1186583101543814,False
13,259,0.18557487498590577,1.3042331851402873,False
13,260,0.1849224860890732,1.4891556712293605,False
13,261,0.18403494001614704,1.6731906112455075,False
13,262,0.18286658454554588,1.8560571957910534,False
13,263,0.18137453985611068,2.0374317356471643,False
13,264,0.17951039958543002,2.2169421352325944,False
13,265,0.17722130248118828,2.394163437713783,False
13,266,0.17445340101807294,2.568616838731856,False
13,267,0.17114742499176244,2.7397642637236186,False
13,268,0.167254688621549,2.9070189523451675,False
13,269,0.16273625063175387,3.0697552029769213,False
13,270,-10.0,-6.930244797023079,False
13,271,-10.0,-16.93024479702308,False
13,272,-10.0,-26.93024479702308,False
13,273,-10.0,-36.93024479702308,False
13,274,-10.0,-46.93024479702308,False
13,275,-10.0,-56.93024479702308,True
14,276,0.18660775801283908,0.18660775801283908,False
14,277,0.1865751182068026,0.37318287621964163,False
14,278,0.18650700921734778,0.5596898854369894,False
14,279,0.18639221103703948,0.7460820964740289,False
14,280,0.1862011830383314,0.9322832795123603,False
14,281,0.18590706861709277,1.118190348129453,False
14,282,0.185501562898091,1.303691911027544,False
14,283,0.18497274428912105,1.4886646553166651,False
14,284,0.18431495291338632,1.6729796082300514,False
14,285,0.18352744835254156,1.856507056582593,False
14,286,0.182611409947924,2.039118466530517,False
14,287,0.18157116987304348,2.2206896364035607,False
14,288,-10.0,-7.779310363596439,False
14,289,-10.0,-17.779310363596437,True
15,290,0.18661242263338373,0.18661242263338373,False
15,291,0.18658313235216728,0.373195554985551,False
15,292,0.18652722465522684,0.5597227796407779,False
15,293,0.18643826649552778,0.7461610461363056,False
15,294,0.1863102996635826,0.9324713457998882,False
15,295,0.18615520336319866,1.118626549163087,False
15,296,0.1859917387908043,1.3046182879538912,False
15,297,0.19453561781748263,1.4991539057713739,False
15,298,0.21594137888945308,1.715095284660827,True
16,299,0.18669759765650343,0.18669759765650343,False
16,300,0.18739221489653551,0.37408981255303897,False
16,301,0.1895282253230005,0.5636180378760395,False
16,302,0.1948570889229049,0.7584751267989444,False
16,303,0.20436066808419934,0.9628357948831436,False
16,304,0.21914987952484327,1.1819856744079869,False
16,305,0.24144456483831442,1.4234302392463012,False
16,306,0.27400868296862735,1.6974389222149284,False
16,307,0.3202875136891328,2.017726435904061,False
16,308,0.38627904678524455,2.4040054826893056,True
17,309,0.1867423501649246,0.1867423501649246,False
17,310,0.18799363740648684,0.37473598757141147,False
17,311,0.19212716639105587,0.5668631539624673,False
17,312,0.2016326070728828,0.7684957610353501,False
17,313,0.2185788446790366,0.9870746057143867,False
17,314,0.24754555512750576,1.2346201608418923,False
17,315,0.29284807413704234,1.5274682349789346,False
17,316,0.3585801619544993,1.8860483969334338,True
18,317,0.18699239761067563,0.18699239761067563,False
18,318,0.19031797840752884,0.3773103760182045,False
18,319,0.19981099558609008,0.5771213716042946,False
18,320,0.21761772106658922,0.7947390926708837,False
18,321,0.24726403998574814,1.042003132656632,False
18,322,0.2919541198150878,1.3339572524717198,False
18,323,0.3556576955932128,1.6896149480649325,False
18,324,0.44188409811790275,2.131499046182835,True
19,325,0.18692680045280038,0.18692680045280038,False
19,326,0.1896294561947781,0.3765562566475785,False
19,327,0.19727468693320077,0.5738309435807794,False
19,328,0.21261558539108105,0.7864465289718604,False
19,329,0.23904038151370285,1.0254869104855633,False
19,330,0.2818686335313759,1.3073555440169393,False
19,331,0.34679132207565033,1.6541468660925895,False
19,332,0.4396152385578297,2.0937621046504193,False
19,333,0.5657170374637884,2.6594791421142077,True
20,334,0.18714128505544897,0.18714128505544897,False
20,335,0.19178281438056127,0.37892409943601024,False
20,336,0.20535309525071974,0.58427719468673,False
20,337,0.23319203383649423,0.8174692285232242,False
20,338,0.2824999538701979,1.0999691823934221,False
20,339,0.35987998058848514,1.4598491629819073,False
20,340,0.4708543126333231,1.9307034756152304,True
21,341,0.18708658797054814,0.18708658797054814,False
21,342,0.19133565119637763,0.37842223916692574,False
21,343,0.20491549795155373,0.5833377371184795,False
21,344,0.23268230988480196,0.8160200470032815,False
21,345,0.2804371792141271,1.0964572262174086,False
21,346,0.35314957418298887,1.4496068004003975,False
21,347,0.4543654575333601,1.9039722579337575,True
22,348,0.18715976603268875,0.18715976603268875,False
22,349,0.19202058403035516,0.3791803500630439,False
22,350,0.2066571582442797,0.5858375083073236,False
22,351,0.23763064793647942,0.8234681562438031,False
22,352,0.29192550410906926,1.1153936603528725,False
22,353,0.37608830753927536,1.4914819678921478,False
22,354,0.4959778278039597,1.9874597956961075,True
23,355,0.18724339502820248,0.18724339502820248,False
23,356,0.19282115286972978,0.38006454789793226,False
23,357,0.2084322983775823,0.5884968462755146,False
23,358,0.23945712373305825,0.8279539700085728,False
23,359,0.2913071685184341,1.119261138527007,False
23,360,0.36947511847140424,1.4887362569984113,False
23,361,0.4792856456641271,1.9680219026625383,True
24,362,0.18727986132164237,0.18727986132164237,False
24,363,0.1932689945221734,0.38054885584381576,False
24,364,0.21079930810215705,0.5913481639459728,False
24,365,0.2457928326828328,0.8371409966288056,False
24,366,0.3045802305059655,1.141721227134771,False
24,367,0.39455533326755693,1.5362765604023279,False
24,368,0.520397003683618,2.056673564085946,True
25,369,0.18727281355165196,0.18727281355165196,False
25,370,0.19302247759770014,0.3802952911493521,False
25,371,0.20993254529422004,0.5902278364435721,False
25,372,0.24399071555036067,0.8342185519939328,False
25,373,0.30048107497168514,1.134699626965618,False
25,374,0.3839558697067401,1.5186554966723582,False
25,375,0.4988477288426555,2.017503225515014,True
26,376,0.18734821487121633,0.18734821487121633,False
26,377,0.19370803407110573,0.38105624894232204,False
26,378,0.21146756462306454,0.5925238135653865,False
26,379,0.24557300927008158,0.8380968228354682,False
26,380,0.30040540633824003,1.1385022291737081,False
26,381,0.3806392858330382,1.5191415150067464,False
26,382,0.49158201982472427,2.0107235348314707,False
26,383,0.63610421892286,2.6468277537543305,True
27,384,0.1869988882970102,0.1869988882970102,False
27,385,0.190670473877555,0.3776693621745652,False
27,386,0.20209722355537862,0.5797665857299439,False
27,387,0.22554080497267076,0.8053073907026147,False
27,388,0.2662080448665249,1.0715154355691396,False
27,389,0.32809186762473663,1.3996073031938763,False
27,390,0.41645954977177746,1.8160668529656538,False
27,391,0.5340134514860775,2.3500803044517315,False
27,392,0.6873584568113876,3.037438761263119,True
28,393,0.18696043496361184,0.18696043496361184,False
28,394,0.19020522228053857,0.3771656572441504,False
28,395,0.1993038100445034,0.5764694672886538,False
28,396,0.21726594574704577,0.7937354130356995,False
28,397,0.24617744358272686,1.0399128566184264,False
28,398,0.290619674407392,1.3305325310258183,False
28,399,0.35419657089560425,1.6847291019214226,False
28,400,0.44319736762072715,2.1279264695421496,False
28,401,0.5621879045136615,2.690114374055811,True
29,402,0.18689478265123893,0.18689478265123893,False
29,403,0.189403590854188,0.37629837350542694,False
29,404,0.19665833143300362,0.5729567049384305,False
29,405,0.21172627086244258,0.7846829758008731,False
29,406,0.236851353792642,1.021534329593515,False
29,407,0.2761496753043357,1.2976840048978509,False
29,408,0.3347743460331509,1.6324583509310018,False
29,409,0.4169336086941466,2.049391959625148,True
30,410,0.18673819945822148,0.18673819945822148,False
30,411,0.1879646815544941,0.3747028810127156,False
30,412,0.19143928239580674,0.5661421634085223,False
30,413,0.19922517492429176,0.7653673383328141,False
30,414,0.2145041052824698,0.9798714436152839,False
30,415,0.2407016367219451,1.220573080337229,False
30,416,0.280421059639403,1.500994139976632,False
30,417,0.33685856271371667,1.8378527026903486,False
30,418,0.413356613554973,2.2512093162453217,True
31,419,0.18659717723739586,0.18659717723739586,False
31,420,0.1865354338150678,0.37313261105246365,False
31,421,0.18691469958586485,0.5600473106383285,False
31,422,0.19123020805968324,0.7512775186980117,False
31,423,0.2006224373609492,0.9518999560589609,False
31,424,0.2154357725410763,1.1673357286000372,False
31,425,0.23772874045035136,1.4050644690503886,False
31,426,0.26952368426597784,1.6745881533163665,False
31,427,0.3117351865128198,1.9863233398291862,False
31,428,-10.0,-8.013676660170814,False
31,429,-10.0,-18.013676660170816,True
32,430,0.18677509552962265,0.18677509552962265,False
32,431,0.18799481782490876,0.3747699133545314,False
32,432,0.19009837828830037,0.5648682916428318,False
32,433,0.1931401296186024,0.7580084212614342,False
32,434,0.19713359369001898,0.9551420149514531,False
32,435,0.202668123128228,1.157810138079681,False
32,436,0.20988613313273077,1.3676962712124119,False
32,437,0.2184142651004549,1.5861105363128667,False
32,438,0.22838900931385825,1.814499545626725,False
32,439,0.23982870984026014,2.0543282554669853,False
32,440,-10.0,-7.945671744533015,False
32,441,-10.0,-17.945671744533016,False
32,442,-10.0,-27.945671744533016,False
32,443,-10.0,-37.945671744533016,False
32,444,-10.0,-47.945671744533016,False
32,445,-10.0,-57.945671744533016,False
32,446,-10.0,-67.94567174453302,False
32,447,-10.0,-77.94567174453302,False
32,448,-10.0,-87.94567174453302,False
32,449,-10.0,-97.94567174453302,False
32,450,-10.0,-107.94567174453302,False
32,451,-10.0,-117.94567174453302,False
32,452,-10.0,-127.94567174453302,False
32,453,-10.0,-137.945671744533,False
32,454,-10.0,-147.945671744533,False
32,455,-10.0,-157.945671744533,False
32,456,-10.0,-167.945671744533,False
32,457,-10.0,-177.945671744533,False
32,458,-10.0,-187.945671744533,False
32,459,-10.0,-197.945671744533,False
32,460,-10.0,-207.945671744533,False
32,461,-10.0,-217.945671744533,False
32,462,-10.0,-227.945671744533,False
32,463,-10.0,-237.945671744533,False
32,464,-10.0,-247.945671744533,False
32,465,-10.0,-257.945671744533,False
32,466,-10.0,-267.945671744533,False
32,467,-10.0,-277.945671744533,False
32,468,-10.0,-287.945671744533,False
32,469,-10.0,-297.945671744533,False
32,470,-10.0,-307.945671744533,False
32,471,-10.0,-317.945671744533,False
32,472,-10.0,-327.945671744533,False
32,473,-10.0,-337.945671744533,False
32,474,-10.0,-347.945671744533,False
32,475,-10.0,-357.945671744533,False
32,476,-10.0,-367.945671744533,False
32,477,-10.0,-377.945671744533,False
32,478,-10.0,-387.945671744533,True
33,479,0.18661799051788744,0.18661799051788744,False
33,480,0.18660290718325798,0.3732208977011454,False
33,481,0.18654730650260526,0.5597682042037506,False
33,482,0.1864267211926154,0.746194925396366,False
33,483,0.186215622104677,0.932410547501043,False
33,484,0.1858787069160999,1.118289254417143,False
33,485,0.18536088449688098,1.303650138914024,False
33,486,0.18459596662137104,1.488246105535395,False
33,487,0.18348678038751742,1.6717328859229124,False
33,488,0.18191539787790298,1.8536482838008153,False
33,489,0.17974860961009687,2.033396893410912,False
33,490,0.1768105308215271,2.210207424232439,True
34,491,0.18662296193881261,0.18662296193881261,False
34,492,0.18663467656860802,0.37325763850742066,False
34,493,0.18664175164266605,0.5598993901500867,False
34,494,0.18661588456190972,0.7465152747119964,False
34,495,0.18653700390212158,0.933052278614118,False
34,496,0.18639556757372291,1.119447846187841,False
34,497,0.18616866497287485,1.3056165111607159,False
34,498,0.18585839623257663,1.4914749073932925,False
34,499,0.1855006011632779,1.6769755085565703,False
34,500,0.18511333468791835,1.8620888432444886,False
34,501,0.1847157074167862,2.0468045506612746,False
34,502,0.18431545212878175,2.2311200027900564,False
34,503,0.1839135112336546,2.415033514023711,False
34,504,0.183506690831084,2.5985402048547948,False
34,505,0.1830467342460628,2.7815869391008574,False
34,506,0.18247389771873346,2.964060836819591,False
34,507,0.18167432438391828,3.1457351612035094,False
34,508,0.18045682347477565,3.3261919846782853,False
34,509,0.17854512743790277,3.504737112116188,True
35,510,0.18669913839039495,0.18669913839039495,False
35,511,0.18732628502958612,0.3740254234199811,False
35,512,0.18943572245259438,0.5634611458725755,False
35,513,0.19328509609649328,0.7567462419690687,False
35,514,0.19841077137153576,0.9551570133406044,False
35,515,0.2052981432804935,1.1604551566210979,False
35,516,0.21453068310707238,1.3749858397281702,False
35,517,0.2275836324167253,1.6025694721448955,False
35,518,0.24636382516290167,1.8489332973077972,False
35,519,0.2719838629360123,2.1209171602438097,False
35,520,0.3041877428369143,2.425104903080724,False
35,521,0.34256843313318763,2.7676733362139117,False
35,522,0.3864688187768195,3.154142154990731,False
35,523,0.437773669849138,3.591915824839869,False
35,524,0.4967688112959142,4.088684636135783,False
35,525,0.565748693410776,4.654433329546559,False
35,526,0.6471605017171762,5.301593831263736,False
35,527,0.7407587063651768,6.042352537628912,False
35,528,0.8461543069391326,6.888506844568045,False
35,529,0.9643604733973608,7.852867317965406,False
35,530,1.0972716383860754,8.95013895635148,False
35,531,1.246843709195828,10.196982665547308,False
35,532,1.4091552844790225,11.60613795002633,False
35,533,1.5855660690578164,13.191704019084145,False
35,534,1.772534351096115,14.96423837018026,True
36,535,0.1867936832851787,0.1867936832851787,False
36,536,0.1880676763480255,0.3748613596332042,False
36,537,0.1917335326583706,0.5665948922915748,False
36,538,0.2003088128099474,0.7669037051015222,False
36,539,0.21665692647084286,0.9835606315723651,False
36,540,0.24346281984821122,1.2270234514205762,False
36,541,0.28381982074905854,1.5108432721696348,False
36,542,0.3396248254044931,1.850468097574128,False
36,543,0.41361679401307605,2.264084891587204,False
36,544,0.5063594759599029,2.770444367547107,False
36,545,0.6198823896824346,3.3903267572295412,False
36,546,0.755336485502518,4.145663242732059,False
36,547,0.9140355768166748,5.059698819548734,True
37,548,0.18704859360014464,0.18704859360014464,False
37,549,0.19058397901462373,0.37763257261476835,False
37,550,0.20040668899532088,0.5780392616100892,False
37,551,0.21845056045843328,0.7964898220685225,False
37,552,0.24799674457397708,1.0444865666424996,False
37,553,0.2931962141282405,1.33768278077074,False
37,554,0.35848483635147566,1.6961676171222158,False
37,555,0.4463060644832687,2.1424736816054843,False
37,556,0.5568017993221991,2.6992754809276835,False
37,557,0.6926621973565373,3.3919376782842208,True
38,558,0.1870400192122205,0.1870400192122205,False
38,559,0.19055291851807324,0.37759293773029373,False
38,560,0.20095202377326438,0.578544961503558,False
38,561,0.22177582292730608,0.8003207844308642,False
38,562,0.2554520147783797,1.0557727992092438,False
38,563,0.30568763171059,1.3614604309198337,False
38,564,0.37586433388478835,1.737324764804622,False
38,565,0.4672857570750374,2.2046105218796592,False
38,566,0.5823836317770166,2.786994153656676,False
38,567,0.7226510521213104,3.509645205777986,True
39,568,0.18694898499293194,0.18694898499293194,False
39,569,0.18988938684692552,0.37683837183985747,False
39,570,0.1994562468598166,0.576294618699674,False
39,571,0.22006487150997234,0.7963594902096464,False
39,572,0.2569142732668269,1.0532737634764733,False
39,573,0.3140073903187066,1.36728115379518,False
39,574,0.3953378774532018,1.7626190312483816,False
39,575,0.5043564534209493,2.266975484669331,False
39,576,0.6421103637130235,2.9090858483823543,True
40,577,0.1869940231872396,0.1869940231872396,False
40,578,0.19038860264645832,0.3773826258336979,False
40,579,0.20196939844017792,0.5793520242738759,False
40,580,0.22859609742513642,0.8079481216990123,False
40,581,0.2750135999924746,1.0829617216914869,False
40,582,0.3449040704648577,1.4278657921563447,False
40,583,0.4427333076853973,1.8705990998417419,False
40,584,0.5714277496310293,2.442026849472771,True
41,585,0.18731684954107072,0.18731684954107072,False
41,586,0.19330455837163107,0.3806214079127018,False
41,587,0.21020504883762658,0.5908264567503284,False
41,588,0.24354713479409307,0.8343735915444215,False
41,589,0.29938748440417706,1.1337610759485985,False
41,590,0.3839543762787748,1.5177154522273733,False
41,591,0.5037850844476729,2.0215005366750463,True
42,592,0.1872728677868364,0.1872728677868364,False
42,593,0.19277933120132734,0.3800521989881638,False
42,594,0.208876543201372,0.5889287421895357,False
42,595,0.2431738671833225,0.8321026093728583,False
42,596,0.30348390821254034,1.1355865175853985,False
42,597,0.39453108733677544,1.5301176049221739,False
42,598,0.5227468334442271,2.052864438366401,True
43,599,0.18737233211214321,0.18737233211214321,False
43,600,0.19394930922491474,0.3813216413370579,False
43,601,0.21271982788251506,0.594041469219573,False
43,602,0.25032076145070514,0.8443622306702782,False
43,603,0.31509557734744553,1.1594578080177236,False
43,604,0.41248173428291,1.5719395423006337,False
43,605,0.5477041781024641,2.119643720403098,True
44,606,0.18734097345828438,0.18734097345828438,False
44,607,0.19338373260478894,0.3807247060630733,False
44,608,0.21078527874886743,0.5915099848119407,False
44,609,0.2458222199956636,0.8373322048076043,False
44,610,0.3036137789546543,1.1409459837622586,False
44,611,0.3912190344984022,1.5321650182606608,False
44,612,0.5124016340178856,2.0445666522785464,True
45,613,0.1874421426114481,0.1874421426114481,False
45,614,0.19454023584538643,0.3819823784568345,False
45,615,0.2146447076172019,0.5966270860740364,False
45,616,0.2548341116424625,0.8514611977164989,False
45,617,0.3235414797291941,1.175002677445693,False
45,618,0.42477210593443315,1.5997747833801261,False
45,619,0.5639760294169215,2.1637508127970477,True
46,620,0.1872433628065303,0.1872433628065303,False
46,621,0.19247467530074402,0.37971803810727434,False
46,622,0.20714564986738887,0.5868636879746632,False
46,623,0.23807290169913933,0.8249365896738025,False
46,624,0.29130666087842877,1.1162432505522313,False
46,625,0.37279459636890033,1.4890378469211316,False
46,626,0.4880541066304285,1.97709195355156,True
47,627,0.18715672046302087,0.18715672046302087,False
47,628,0.19156918282717106,0.37872590329019196,False
47,629,0.20416569326966308,0.582891596559855,False
47,630,0.2314198373455983,0.8143114339054534,False
47,631,0.2806230289078829,1.0949344628133362,False
47,632,0.35742515194128843,1.4523596147546245,False
47,633,0.4671220233831361,1.9194816381377606,True
48,634,0.18716315023443134,0.18716315023443134,False
48,635,0.19195209224978352,0.37911524248421485,False
48,636,0.20666588817506806,0.585781130659283,False
48,637,0.2371781685455382,0.8229592992048211,False
48,638,0.2897151443920718,1.112674443596893,False
48,639,0.37048744215230633,1.4831618857491993,False
48,640,0.48378621612713046,1.9669481018763297,True
49,641,0.18741759690633497,0.18741759690633497,False
49,642,0.19414346294970858,0.38156105985604355,False
49,643,0.21214837516525012,0.5937094350212937,False
49,644,0.24686246863932088,0.8405719036606145,False
49,645,0.30221955637186304,1.1427914600324776,False
49,646,0.38243756928913414,1.5252290293216118,False
49,647,0.49030360489467206,2.015532634216284,True
50,648,0.1873429319348571,0.1873429319348571,False
50,649,0.1935296640602596,0.3808725959951167,False
50,650,0.21026329825369264,0.5911358942488093,False
50,651,0.24224295637180326,0.8333788506206126,False
50,652,0.2938643340374993,1.127243184658112,False
50,653,0.3694803302813217,1.4967235149394336,False
50,654,0.46987293443679723,1.966596449376231,False
50,655,0.5955823065722377,2.5621787559484686,True
51,656,0.1872081733091449,0.1872081733091449,False
51,657,0.19229076526930938,0.3794989385784543,False
51,658,0.20716676584088686,0.5866657044193412,False
51,659,0.2370548039466031,0.8237205083659442,False
51,660,0.2859593326073283,1.1096798409732727,False
51,661,0.3574450950299107,1.4671249360031833,False
51,662,0.4539207496150719,1.9210456856182552,False
51,663,0.5747270925128112,2.4957727781310663,True
52,664,0.18712914435212874,0.18712914435212874,False
52,665,0.19145895435654378,0.3785880987086725,False
52,666,0.20315038897345922,0.5817384876821317,False
52,667,0.22661647797664436,0.8083549656587761,False
52,668,0.2655042389648366,1.0738592046236126,False
52,669,0.32215296684451755,1.3960121714681302,False
52,670,0.3972196742395305,1.7932318457076606,False
52,671,0.4904745205656216,2.2837063662732824,False
52,672,0.6016866111100784,2.885392977383361,True
53,673,0.1869710400049635,0.1869710400049635,False
53,674,0.18991865174251674,0.3768896917474802,False
53,675,0.19884154727205872,0.5757312390195389,False
53,676,0.21791032023792625,0.7936415592574652,False
53,677,0.24975973810925656,1.0434012973667217,False
53,678,0.29640116740572986,1.3398024647724516,False
53,679,0.35859711030792984,1.6983995750803813,False
53,680,0.43672256891459227,2.1351221439949737,False
53,681,0.5274852356621232,2.662607379657097,True
54,682,0.18705748525048077,0.18705748525048077,False
54,683,0.19075289056674094,0.3778103758172217,False
54,684,0.20149807540378528,0.5793084512210069,False
54,685,0.22131213711894893,0.8006205883399559,False
54,686,0.24997369409434073,1.0505942824342966,False
54,687,0.28742914375464956,1.338023426188946,False
54,688,0.33231356479068175,1.670336990979628,False
54,689,0.38293064814486266,2.0532676391244906,False
54,690,0.43847084257767804,2.4917384817021686,False
54,691,0.4994946553713223,2.991233137073491,False
54,692,0.5651115397230224,3.5563446767965132,False
54,693,0.6363531250903581,4.1926978018868715,False
54,694,0.7148079876349114,4.907505789521783,False
54,695,0.8025101554180474,5.71001594493983,False
54,696,0.9023151979270703,6.6123311428669,False
54,697,1.0192510549391045,7.631582197806004,False
54,698,1.157109228412982,8.788691426218985,True
55,699,0.1870306198494939,0.1870306198494939,False
55,700,0.19029548776623847,0.3773261076157324,False
55,701,0.1982579026331129,0.5755840102488453,False
55,702,0.21237993689654922,0.7879639471453945,False
55,703,0.2321940991613842,1.0201580463067788,False
55,704,0.2572417701894404,1.277399816496219,False
55,705,0.2856418999199124,1.5630417164161314,False
55,706,0.3169612192852165,1.880002935701348,False
55,707,0.35047610943491136,2.230479045136259,False
55,708,0.3857886055079056,2.616267650644165,False
55,709,0.42560119001231433,3.041868840656479,False
55,710,0.4740434434863342,3.5159122841428134,False
55,711,0.5352152411026239,4.0511275252454375,False
55,712,0.6163318212706308,4.667459346516068,True
56,713,0.18684948213152144,0.18684948213152144,False
56,714,0.18873552367291258,0.375585005804434,False
56,715,0.19437907465291102,0.569964080457345,False
56,716,0.20490716658332664,0.7748712470406717,False
56,717,0.22111634379234546,0.9959875908330171,False
56,718,0.242236658788661,1.2382242496216782,False
56,719,0.2678802372884985,1.5061044869101767,False
56,720,0.297585572361821,1.8036900592719978,False
56,721,0.3317379142428416,2.1354279735148394,False
56,722,0.3703187977924919,2.505746771307331,False
56,723,0.4145644236682108,2.920311194975542,False
56,724,0.4661443120238087,3.3864555069993507,False
56,725,0.5276012800314036,3.9140567870307543,False
56,726,0.6040511879494899,4.518107974980245,False
56,727,0.7005724045609207,5.218680379541166,True
57,728,0.18697250761623943,0.18697250761623943,False
57,729,0.19000311142541418,0.3769756190416536,False
57,730,0.19894288901555118,0.5759185080572048,False
57,731,0.21563332523732034,0.7915518332945252,False
57,732,0.24059054630744636,1.0321423796019715,False
57,733,0.27340014869751755,1.305542528299489,False
57,734,0.3126350668119858,1.6181775951114747,False
57,735,0.3582482140050177,1.9764258091164923,False
57,736,0.40971083865341507,2.3861366477699075,False
57,737,0.4659113374970699,2.8520479852669776,False
57,738,0.5268976096244355,3.3789455948914133,False
57,739,0.5935420687860259,3.9724876636774393,False
57,740,0.6672981846351268,4.639785848312566,False
57,741,0.7506680307739927,5.390453879086558,False
57,742,0.847626002955649,6.238079882042207,False
57,743,0.963554244648085,7.201634126690292,False
57,744,1.100567612587521,8.302201739277812,True
58,745,0.18704319334553188,0.18704319334553188,False
58,746,0.1907007576838216,0.3777439510293535,False
58,747,0.20098387854548816,0.5787278295748417,False
58,748,0.21959176053076657,0.7983195901056083,False
58,749,0.2463316312487563,1.0446512213543646,False
58,750,0.2799083152216692,1.3245595365760339,False
58,751,0.3193777004505095,1.6439372370265435,False
58,752,0.36382576307889114,2.0077630001054345,False
58,753,0.4115373760180049,2.4193003761234393,False
58,754,0.46393789224695187,2.883238268370391,False
58,755,0.523196561799431,3.406434830169822,False
58,756,0.5900450619863362,3.9964798921561586,False
58,757,0.667324275890843,4.663804168047002,False
58,758,0.7588529459731836,5.422657114020185,False
58,759,0.8695681677283731,6.292225281748559,False
58,760,1.0039317482491357,7.296157029997694,True
59,761,0.1871053048572136,0.1871053048572136,False
59,762,0.19120383320338824,0.37830913806060185,False
59,763,0.20193272824842157,0.5802418663090234,False
59,764,0.22018424249055002,0.8004261087995734,False
59,765,0.24606596265127856,1.046492071450852,False
59,766,0.27874144602332224,1.3252335174741743,False
59,767,0.31698349143708804,1.6422170089112624,False
59,768,0.3605088658616856,2.002725874772948,False
59,769,0.40917070891635265,2.411896583689301,False
59,770,0.4652090743307653,2.8771056580200662,False
59,771,0.5295538865150401,3.406659544535106,False
59,772,0.6051094093761166,4.011768953911223,False
59,773,0.6963498484255553,4.708118802336778,False
59,774,0.8091691138719739,5.517287916208752,True
60,775,0.18684995491204603,0.18684995491204603,False
60,776,0.18867409525792408,0.37552405016997015,False
60,777,0.1934368621538299,0.5689609123238001,False
60,778,0.20301299236015827,0.7719739046839583,False
60,779,0.21790952989594498,0.9898834345799032,False
60,780,0.2374111646508158,1.227294599230719,False
60,781,0.2608010514830893,1.4880956507138081,False
60,782,0.28714235582322734,1.7752380065370355,False
60,783,0.3160908444743201,2.0913288510113555,False
60,784,0.3473380509070738,2.4386669019184293,False
60,785,0.3795208664056498,2.818187768324079,False
60,786,0.4113252221207231,3.2295129904448023,False
60,787,0.4422019910980529,3.671714981542855,False
60,788,0.47019865797213034,4.141913639514986,False
60,789,0.4935711310758817,4.6354847705908675,False
60,790,0.5108271210810109,5.146311891671878,False
60,791,0.5212957512978016,5.66760764296968,False
60,792,0.5237869175785108,6.19139456054819,True
61,793,0.18683379409962556,0.18683379409962556,False
61,794,0.18887365326724198,0.37570744736686756,False
61,795,0.19618654391195375,0.5718939912788213,False
61,796,0.2120564351051769,0.7839504263839983,False
61,797,0.238688169000836,1.0226385953848343,False
61,798,0.2774128819635019,1.3000514773483363,False
61,799,0.3275726611943033,1.6276241385426395,False
61,800,0.3902635806102813,2.0178877191529208,False
61,801,0.4642298035341884,2.4821175226871093,False
61,802,0.5476095665219936,3.0297270892091026,True
62,803,0.1866526403671987,0.1866526403671987,False
62,804,0.18676381672229564,0.37341645708949434,False
62,805,0.18701491213417562,0.56043136922367,False
62,806,0.18844166912156032,0.7488730383452303,False
62,807,0.19344594183961106,0.9423189801848414,False
62,808,0.20411886851325614,1.1464378486980975,False
62,809,0.222127388127894,1.3685652368259915,False
62,810,0.2478513963000093,1.6164166331260008,False
62,811,0.2818690125257127,1.8982856456517134,False
62,812,0.324009074316205,2.2222947199679184,False
62,813,0.3727292953687803,2.5950240153366986,False
62,814,0.4303509905586983,3.025375005895397,False
62,815,0.4980580081829672,3.523433014078364,False
62,816,0.5775087346644643,4.100941748742828,False
62,817,0.6706199464687237,4.7715616952115525,False
62,818,0.7799123081989041,5.551474003410457,False
62,819,0.9063706362900176,6.4578446397004745,True
63,820,0.18700299854051047,0.18700299854051047,False
63,821,0.19040677847829474,0.3774097770188052,False
63,822,0.20001240744959148,0.5774221844683967,False
63,823,0.21895062429029388,0.7963728087586905,False
63,824,0.24999639390238285,1.0463692026610734,False
63,825,0.29417592727619546,1.3405451299372688,False
63,826,0.35066799800365844,1.6912131279409273,False
63,827,0.4173313291820512,2.1085444571229783,False
63,828,0.4934056217395962,2.6019500788625747,True
64,829,0.18689905786532401,0.18689905786532401,False
64,830,0.18961682409652694,0.37651588196185093,False
64,831,0.19859043855925906,0.57510632052111,False
64,832,0.21835491465827317,0.7934612351793832,False
64,833,0.2532543983374644,1.0467156335168475,False
64,834,0.3064753396988499,1.3531909732156975,False
64,835,0.3794102721174536,1.732601245333151,False
64,836,0.470714211355094,2.203315456688245,True
65,837,0.1867803403090025,0.1867803403090025,False
65,838,0.18830305534501993,0.37508339565402243,False
65,839,0.19330002040864167,0.5683834160626641,False
65,840,0.20578336195793295,0.774166778020597,False
65,841,0.2301988911652783,1.0043656691858753,False
65,842,0.268822402881192,1.2731880720670674,False
65,843,0.3217296167994568,1.5949176888665242,False
65,844,0.38821603072939337,1.9831337195959176,False
65,845,0.4665047918051685,2.449638511401086,True
66,846,0.18663955620771755,0.18663955620771755,False
66,847,0.1867112068890947,0.37335076309681225,False
66,848,0.1878063301442718,0.5611570932410841,False
66,849,0.19382036429115,0.7549774575322341,False
66,850,0.20784716728104394,0.962824624813278,False
66,851,0.2319979021854084,1.1948225269986863,False
66,852,0.26729631676202714,1.4621188437607135,False
66,853,0.31247901401675043,1.774597857777464,False
66,854,0.3668900388549189,2.1414878966323827,False
66,855,0.42747360831626413,2.5689615049486467,True
67,856,0.18687310905519833,0.18687310905519833,False
67,857,0.18929195037602956,0.3761650594312279,False
67,858,0.196559067481948,0.572724126913176,False
67,859,0.21122990685439244,0.7839540337675684,False
67,860,0.23639691350980058,1.020350947277369,False
67,861,0.2746138192908871,1.2949647665682562,False
67,862,0.32680615127325796,1.621770917841514,False
67,863,0.39205720086170137,2.0138281187032154,False
67,864,0.46733687495570536,2.4811649936589206,True
68,865,0.1866986455035335,0.1866986455035335,False
68,866,0.18766317578425087,0.3743618212877844,False
68,867,0.192503480404017,0.5668653016918014,False
68,868,0.20681799542784887,0.7736832971196502,False
68,869,0.23555211568574028,1.0092354128053904,False
68,870,0.28224217626080905,1.2914775890661994,False
68,871,0.34808474768669373,1.639562336752893,False
68,872,0.43046702864154684,2.07002936539444,True
69,873,0.18676421567829266,0.18676421567829266,False
69,874,0.1883234114664193,0.37508762714471194,False
69,875,0.1948952872535445,0.5699829143982564,False
69,876,0.21130344152652128,0.7812863559247777,False
69,877,0.24313618133548892,1.0244225372602667,False
69,878,0.2939980083404933,1.3184205456007598,False
69,879,0.3653342474480259,1.6837547930487857,True
70,880,0.1868334642723456,0.1868334642723456,False
70,881,0.18889680745201412,0.3757302717243597,False
70,882,0.1957465868204666,0.5714768585448263,False
70,883,0.2115267169945546,0.7830035755393809,False
70,884,0.23967115466462807,1.0226747302040091,False
70,885,0.2828131274260179,1.305487857630027,False
70,886,0.3438706241901032,1.6493584818201303,False
70,887,0.4231300313917238,2.0724885132118542,False
70,888,0.521375518056198,2.593864031268052,True
71,889,0.18691643178197487,0.18691643178197487,False
71,890,0.18981759742341628,0.3767340292053911,False
71,891,0.19879992587508039,0.5755339550804714,False
71,892,0.21756233309870676,0.7930962881791782,False
71,893,0.2505614008200555,1.0436576889992337,False
71,894,0.3004597367166867,1.3441174257159205,False
71,895,0.3691250615211972,1.7132424872371177,False
71,896,0.4568018803358241,2.1700443675729417,True
72,897,0.18688775790878087,0.18688775790878087,False
72,898,0.1890963005610351,0.375984058469816,False
72,899,0.19537598575036283,0.5713600442201788,False
72,900,0.20937014619216174,0.7807301904123406,False
72,901,0.23495328632411025,1.0156834767364509,False
72,902,0.2755849237613874,1.2912684004978383,False
72,903,0.33283742362699686,1.6241058241248352,False
72,904,0.4081988817464172,2.0323047058712524,False
72,905,0.5005526820220396,2.532857387893292,True
73,906,0.18678412921540885,0.18678412921540885,False
73,907,0.18851305089728854,0.3752971801126974,False
73,908,0.1952936817305857,0.5705908618432831,False
73,909,0.21165218317424256,0.7822430450175257,False
73,910,0.24161309489219024,1.023856139909716,False
73,911,0.28796836216950394,1.3118245020792199,False
73,912,0.35483417342052176,1.6666586754997417,False
73,913,0.44200873899045545,2.1086674144901973,True
74,914,0.1866233783167044,0.1866233783167044,False
74,915,0.18666389994671548,0.3732872782634199,False
74,916,0.18755837795938884,0.5608456562228088,False
74,917,0.19553106082085484,0.7563767170436636,False
74,918,0.21553883336168853,0.9719155504053522,False
74,919,0.25206461171079,1.2239801621161421,False
74,920,0.3076701414177169,1.5316503035338591,False
74,921,0.38238139445076436,1.9140316979846235,True
75,922,0.1867026054863111,0.1867026054863111,False
75,923,0.18769096057130868,0.37439356605761975,False
75,924,0.19135034422499922,0.565743910282619,False
75,925,0.19955839396916986,0.7653023042517888,False
75,926,0.21498819114821857,0.9802904954000073,False
75,927,0.24037046057141132,1.2206609559714185,False
75,928,0.27740223650469786,1.4980631924761165,False
75,929,0.32902258780194216,1.8270857802780587,False
75,930,0.3961550230687716,2.2232408033468305,False
75,931,0.4777784320803563,2.7010192354271867,True
76,932,0.18662086683061002,0.18662086683061002,False
76,933,0.18664895308002938,0.3732698199106394,False
76,934,0.18674513606721205,0.5600149559778514,False
76,935,0.18944512243627584,0.7494600784141273,False
76,936,0.20071982235308708,0.9501799007672144,False
76,937,0.22295578015537101,1.1731356809225855,False
76,938,0.2583488440527348,1.4314845249753203,False
76,939,0.30828211989989585,1.7397666448752163,False
76,940,0.3714799036078096,2.1112465484830256,True
77,941,0.18662119094100418,0.18662119094100418,False
77,942,0.18681317827838595,0.3734343692193901,False
77,943,0.1900300767910343,0.5634644460104244,False
77,944,0.2004657308768596,0.763930176887284,False
77,945,0.22251472759417995,0.986444904481464,False
77,946,0.2597155384772165,1.2461604429586806,False
77,947,0.31541514631956363,1.5615755892782441,False
77,948,0.3920618521781515,1.9536374414563955,True
78,949,0.18661359593031795,0.18661359593031795,False
78,950,0.18662161667287358,0.37323521260319154,False
78,951,0.18667993101085273,0.5599151436140443,False
78,952,0.18786679445435234,0.7477819380683965,False
78,953,0.2006884941766131,0.9484704322450097,False
78,954,0.22658252096230208,1.1750529532073117,False
78,955,0.2681063875609949,1.4431593407683065,False
78,956,0.32503275602492954,1.768192096793236,False
78,957,0.39658431745245554,2.164776414245692,True
79,958,0.1866206466358846,0.1866206466358846,False
79,959,0.1866409186439663,0.3732615652798509,False
79,960,0.18670932927835074,0.5599708945582016,False
79,961,0.18688455198874415,0.7468554465469457,False
79,962,0.19243876664463225,0.9392942131915779,False
79,963,0.20933524771688522,1.148629460908463,False
79,964,0.23872674752407763,1.3873562084325406,False
79,965,0.2814998077008065,1.668856016133347,False
79,966,0.3358615005340605,2.0047175166674074,True
80,967,0.18682634870360632,0.18682634870360632,False
80,968,0.1886141131736256,0.3754404618772319,False
80,969,0.1929889566274933,0.5684294185047252,False
80,970,0.20213866038079567,0.7705680788855208,False
80,971,0.22040195067609214,0.990970029561613,False
80,972,0.2516624402635246,1.2426324698251374,False
80,973,0.2981282661699005,1.540760735995038,False
80,974,0.36081214653654076,1.9015728825315787,False
80,975,0.4393154520576887,2.3408883345892675,True
81,976,0.1867418542880306,0.1867418542880306,False
81,977,0.18786495925653948,0.3746068135445701,False
81,978,0.1911040904522707,0.5657109039968408,False
81,979,0.1988927086245851,0.7646036126214258,False
81,980,0.21539407623018975,0.9799976888516155,False
81,981,0.24409708751674702,1.2240947763683625,False
81,982,0.28730901828643474,1.5114037946547971,False
81,983,0.34746783433844197,1.858871628993239,False
81,984,0.42447560798179396,2.283347236975033,True
82,985,0.18661962027256995,0.18661962027256995,False
82,986,0.1868204678208676,0.37344008809343754,False
82,987,0.18818413234485856,0.5616242204382961,False
82,988,0.1931312428199424,0.7547554632582385,False
82,989,0.20618572079416236,0.9609411840524009,False
82,990,0.23185567861588602,1.192796862668287,False
82,991,0.2733308181924906,1.4661276808607777,False
82,992,0.3324038430504339,1.7985315239112116,False
82,993,0.4082190853276524,2.2067506092388642,True
83,994,0.1866119486352421,0.1866119486352421,False
83,995,0.1866222390525823,0.3732341876878244,False
83,996,0.18728811956070593,0.5605223072485304,False
83,997,0.19435803653694197,0.7548803437854723,False
83,998,0.21142387596959084,0.9663042197550631,False
83,999,0.2417669279851437,1.2080711477402069,False
83,1000,0.2882625347794177,1.4963336825196245,False
83,1001,0.35287496866672213,1.8492086511863466,False
83,1002,0.4344687910745225,2.283677442260869,True
84,1003,0.18659811575705532,0.18659811575705532,False
84,1004,0.1865858945763315,0.37318401033338683,False
84,1005,0.18660992040563898,0.5597939307390258,False
84,1006,0.1866893748705697,0.7464833056095955,False
84,1007,0.18688854135729155,0.933371846966887,False
84,1008,0.19957416633725558,1.1329460133041427,False
84,1009,0.22900521185038103,1.3619512251545238,False
84,1010,0.27533036619914086,1.6372815913536647,False
84,1011,0.3392476730793006,1.9765292644329653,False
84,1012,0.4205218146145414,2.3970510790475066,True
85,1013,0.18660575188664352,0.18660575188664352,False
85,1014,0.18658898624859838,0.3731947381352419,False
85,1015,0.18659710276008998,0.5597918408953318,False
85,1016,0.18855687273898356,0.7483487136343154,False
85,1017,0.19730019558134881,0.9456489092156642,False
85,1018,0.2161784620166396,1.1618273712323037,False
85,1019,0.2502259957502855,1.4120533669825892,False
85,1020,0.3022356937748969,1.714289060757486,False
85,1021,0.37210159915243674,2.086390659909923,True
86,1022,0.1866126138750945,0.1866126138750945,False
86,1023,0.18662490174710947,0.373237515622204,False
86,1024,0.18875391527302618,0.5619914308952302,False
86,1025,0.20083435684665044,0.7628257877418806,False
86,1026,0.22725597446276483,0.9900817622046454,False
86,1027,0.27345412474218406,1.2635358869468294,False
86,1028,0.3425975254639203,1.6061334124107498,False
86,1029,0.4341989992256397,2.0403324116363897,True
87,1030,0.1867689247816183,0.1867689247816183,False
87,1031,0.18821455526473982,0.3749834800463581,False
87,1032,0.19269063085066845,0.5676741108970266,False
87,1033,0.2045832565553433,0.7722573674523698,False
87,1034,0.22854753895083732,1.0008049064032072,False
87,1035,0.26802012524245644,1.2688250316456635,False
87,1036,0.32529804699266496,1.5941230786383285,False
87,1037,0.40062233169225747,1.994745410330586,False
87,1038,0.4924270684351777,2.4871724787657636,True
88,1039,0.18660572266531458,0.18660572266531458,False
88,1040,0.18659315646362137,0.37319887912893596,False
88,1041,0.18662654860084593,0.5598254277297818,False
88,1042,0.18903469998916075,0.7488601277189426,False
88,1043,0.19940224207627505,0.9482623697952177,False
88,1044,0.22138509131559447,1.169647461110812,False
88,1045,0.25928057852706815,1.4289280396378803,False
88,1046,0.316204242831059,1.7451322824689393,False
88,1047,0.3921757372972372,2.1373080197661762,True
89,1048,0.18686743834552708,0.18686743834552708,False
89,1049,0.18913988062554854,0.37600731897107564,False
89,1050,0.1954881213134575,0.5714954402845331,False
89,1051,0.20924158616502198,0.7807370264495551,False
89,1052,0.23465370972441513,1.0153907361739702,False
89,1053,0.27511465514628064,1.2905053913202509,False
89,1054,0.3355275979357827,1.6260329892560335,False
89,1055,0.4179655863742662,2.0439985756302996,False
89,1056,0.5221113270973289,2.5661099027276286,True
90,1057,0.18673697246881849,0.18673697246881849,False
90,1058,0.18774778120328484,0.3744847536721033,False
90,1059,0.19007799632590744,0.5645627499980108,False
90,1060,0.19511731909337315,0.759680069091384,False
90,1061,0.20639673994004648,0.9660768090314305,False
90,1062,0.22775609114414846,1.193832900175579,False
90,1063,0.26391685725415615,1.4577497574297351,False
90,1064,0.3184336515312035,1.7761834089609385,False
90,1065,0.39271626363886114,2.1688996725997995,True
91,1066,0.18670434680082962,0.18670434680082962,False
91,1067,0.18767345824648665,0.37437780504731627,False
91,1068,0.19084998702322153,0.5652277920705377,False
91,1069,0.19815047646337786,0.7633782685339157,False
91,1070,0.21228622018414822,0.9756644887180639,False
91,1071,0.23623532597564273,1.2118998146937066,False
91,1072,0.27307003242953937,1.484969847123246,False
91,1073,0.3274184841902952,1.8123883313135412,False
91,1074,0.40327437289522783,2.215662704208769,False
91,1075,0.5029049731963477,2.718567677405117,False
91,1076,0.6283438323892419,3.346911509794359,True
92,1077,0.1868061142555822,0.1868061142555822,False
92,1078,0.18849359367840013,0.3752997079339823,False
92,1079,0.19267357365304585,0.5679732815870282,False
92,1080,0.20008984545229225,0.7680631270393204,False
92,1081,0.214187708108381,0.9822508351477015,False
92,1082,0.23854414120875747,1.220794976356459,False
92,1083,0.27739519715915084,1.4981901735156098,False
92,1084,0.3351613426410351,1.833351516156645,False
92,1085,0.41402204541883336,2.247373561575478,False
92,1086,0.5153082573114965,2.762681818886975,True
93,1087,0.1866299616239051,0.1866299616239051,False
93,1088,0.1869530324034531,0.3735829940273582,False
93,1089,0.18932797780690558,0.5629109718342638,False
93,1090,0.19721578160007686,0.7601267534343406,False
93,1091,0.2149327501924036,0.9750595036267442,False
93,1092,0.24617644769787894,1.2212359513246231,False
93,1093,0.29614888420139407,1.517384835526017,False
93,1094,0.3708865199251056,1.8882713554511228,False
93,1095,0.4743653335093778,2.3626366889605004,True
94,1096,0.18660421357634108,0.18660421357634108,False
94,1097,0.18659978044554726,0.3732039940218883,False
94,1098,0.1875578382185165,0.5607618322404048,False
94,1099,0.19487058815668837,0.7556324203970931,False
94,1100,0.21246338847066057,0.9680958088677537,False
94,1101,0.24473027957370722,1.212826088441461,False
94,1102,0.29495646028948097,1.507782548730942,False
94,1103,0.3643711123711727,1.8721536611021148,False
94,1104,0.45095310262921473,2.3231067637313294,True
95,1105,0.18661113027078405,0.18661113027078405,False
95,1106,0.1866024264591661,0.37321355672995016,False
95,1107,0.186617025549004,0.5598305822789542,False
95,1108,0.18667916881073782,0.7465097510896921,False
95,1109,0.18682807797486026,0.9333378290645523,False
95,1110,0.18992339500712693,1.1232612240716793,False
95,1111,0.2089676521019302,1.3322288761736094,False
95,1112,0.2428708390519042,1.5750997152255137,False
95,1113,0.2932794693233791,1.8683791845488928,True
96,1114,0.186604232366472,0.186604232366472,False
96,1115,0.18658812682311818,0.37319235918959015,False
96,1116,0.18658653366939978,0.55977889285899,False
96,1117,0.18663157100919855,0.7464104638681885,False
96,1118,0.18675995789706168,0.9331704217652502,False
96,1119,0.18701982316731505,1.1201902449325654,False
96,1120,0.1968640202013614,1.3170542651339268,False
96,1121,0.22390922475767028,1.5409634898915971,False
96,1122,0.26938953688892997,1.8103530267805272,False
96,1123,0.3369157021893582,2.1472687289698853,False
96,1124,0.4299930831120856,2.577261812081971,True
97,1125,0.18670438403870498,0.18670438403870498,False
97,1126,0.1876682092601414,0.3743725932988464,False
97,1127,0.19124154809801916,0.5656141413968656,False
97,1128,0.20063085097524336,0.766244992372109,False
97,1129,0.2196057748626622,0.9858507672347712,False
97,1130,0.2521708816922129,1.238021648926984,False
97,1131,0.3012881553380397,1.5393098042650237,False
97,1132,0.3701949138681748,1.9095047181331986,False
97,1133,0.4615206580097896,2.3710253761429883,False
97,1134,0.5751056259743296,2.9461310021173177,True
98,1135,0.18660596156841489,0.18660596156841489,False
98,1136,0.18658720071871687,0.37319316228713173,False
98,1137,0.1878312075708449,0.5610243698579767,False
98,1138,0.19411747596003653,0.7551418458180132,False
98,1139,0.20906209196068343,0.9642039377786966,False
98,1140,0.23580810902654015,1.2000120468052367,False
98,1141,0.27766053989078665,1.4776725866960234,False
98,1142,0.33751221030095147,1.815184796996975,False
98,1143,0.4172635459491517,2.232448342946127,False
98,1144,0.5177842416012526,2.7502325845473794,True
99,1145,0.18677766240104915,0.18677766240104915,False
99,1146,0.18801634441179987,0.374794006812849,False
99,1147,0.1902085275309098,0.5650025343437588,False
99,1148,0.1928292440664503,0.7578317784102091,False
99,1149,0.19650748592041048,0.9543392643306196,False
99,1150,0.2052427897662432,1.1595820540968627,False
99,1151,0.22399263241639167,1.3835746865132543,False
99,1152,0.257553906395026,1.6411285929082804,False
99,1153,0.3110510124511154,1.9521796053593958,False
99,1154,0.3883935666581514,2.3405731720175473,False
99,1155,0.4903735715263263,2.8309467435438735,True
100,1156,0.18687653719807668,0.18687653719807668,False
100,1157,0.18913731532438943,0.3760138525224661,False
100,1158,0.1949301345457845,0.5709439870682507,False
100,1159,0.20687999576078894,0.7778239828290396,False
100,1160,0.22727162047542943,1.0050956033044691,False
100,1161,0.25974709035349364,1.2648426936579629,False
100,1162,0.30913372515564624,1.5739764188136092,False
100,1163,0.3811274816981677,1.955103900511777,False
100,1164,0.47925920655302456,2.4343631070648017,True
101,1165,0.1865980446778602,0.1865980446778602,False
101,1166,0.18658212268541616,0.37318016736327636,False
101,1167,0.18661969145736726,0.5597998588206436,False
101,1168,0.19110214048765745,0.750901999308301,False
101,1169,0.20387781067177932,0.9547798099800804,False
101,1170,0.22919522534315814,1.1839750353232386,False
101,1171,0.2728863465486461,1.4568613818718847,False
101,1172,0.34149056256271215,1.798351944434597,False
101,1173,0.4429886704733297,2.2413406149079265,True
102,1174,0.18660289010462558,0.18660289010462558,False
102,1175,0.1865632143988317,0.3731661045034573,False
102,1176,0.1865258885175921,0.5596919930210493,False
102,1177,0.1886648949977459,0.7483568880187952,False
102,1178,0.19979646021303646,0.9481533482318316,False
102,1179,0.2260455596809859,1.1741989079128174,False
102,1180,0.2744274208437283,1.4486263287565457,False
102,1181,0.3513854773301683,1.800011806086714,False
102,1182,0.4637742680326826,2.2637860741193965,True
