episode,timestep,reward, averagate_reward_100
71, 960, 2.0656, 2.0656
144, 1920, 2.0005, 2.0457
208, 2880, 2.4289, 2.7331
270, 3840, 2.9227, 3.8887
328, 4800, 3.192, 3.8648
388, 5760, 3.4559, 4.831
437, 6720, 4.0014, 6.205
483, 7680, 4.3501, 8.1161
525, 8640, 5.1117, 10.5893
566, 9600, 5.5117, 10.8173
597, 10560, 6.4648, 15.531
628, 11520, 7.1849, 17.3557
657, 12480, 7.5284, 19.9627
687, 13440, 8.3791, 21.5816
713, 14400, 9.5636, 26.1795
735, 15360, 10.6832, 32.6579
759, 16320, 11.5056, 37.3252
782, 17280, 12.4823, 42.4721
802, 18240, 13.6786, 44.8458
825, 19200, 14.6538, 46.2836
844, 20160, 15.6418, 49.5803
863, 21120, 16.8867, 56.5538
882, 22080, 18.1879, 62.8059
899, 23040, 19.4478, 67.4508
918, 24000, 20.4084, 69.3738
937, 24960, 21.543, 74.7416
954, 25920, 22.6375, 76.7417
972, 26880, 23.8401, 78.61
989, 27840, 24.8337, 79.3028
1006, 28800, 26.0081, 81.2157
1023, 29760, 26.9465, 84.7467
1041, 30720, 28.0023, 86.3458
1058, 31680, 28.7715, 84.6067
1074, 32640, 29.5637, 83.6739
1091, 33600, 30.669, 87.1905
1107, 34560, 31.6947, 88.4696
1125, 35520, 32.5943, 89.357
1142, 36480, 33.4936, 90.3389
1158, 37440, 34.4719, 94.7826
1175, 38400, 35.4679, 98.1852
1191, 39360, 36.2777, 97.4694
1208, 40320, 36.9337, 94.181
1225, 41280, 37.7952, 96.3048
1241, 42240, 38.6293, 97.3509
1259, 43200, 39.3642, 95.2617
1276, 44160, 40.1935, 95.1011
1293, 45120, 40.9833, 96.1585
1310, 46080, 41.7052, 98.4503
1326, 47040, 42.3396, 97.4315
1343, 48000, 43.064, 97.7416
1360, 48960, 43.7951, 98.9506
1377, 49920, 44.4775, 98.5255
1395, 50880, 45.1242, 97.5298
1412, 51840, 45.7451, 97.5373
1429, 52800, 46.4122, 98.6209
1446, 53760, 47.0413, 98.7374
1463, 54720, 47.6612, 98.9698
1480, 55680, 48.2946, 99.5108
1497, 56640, 48.9214, 100.8198
1513, 57600, 49.4483, 101.1952
1529, 58560, 50.0061, 101.3633
1547, 59520, 50.431, 98.9815
1563, 60480, 50.9732, 99.4272
1579, 61440, 51.4827, 99.1858
1596, 62400, 52.0196, 98.9065
1612, 63360, 52.5248, 99.5568
1629, 64320, 53.0106, 98.949
1647, 65280, 53.4954, 100.9014
1664, 66240, 53.9571, 100.0737
1680, 67200, 54.4372, 100.6035
1697, 68160, 54.9264, 100.8437
1714, 69120, 55.3972, 101.0219
1731, 70080, 55.857, 101.3101
1747, 71040, 56.2935, 102.3783
1764, 72000, 56.7513, 103.2461
1780, 72960, 57.1633, 102.9612
1798, 73920, 57.5937, 102.3964
1814, 74880, 57.9932, 102.4886
1831, 75840, 58.4018, 102.4521
1848, 76800, 58.8108, 102.3326
1865, 77760, 59.2004, 101.9474
1883, 78720, 59.5695, 101.089
1900, 79680, 59.9602, 101.5976
1917, 80640, 60.3414, 101.6302
1934, 81600, 60.7211, 101.9216
1951, 82560, 61.0969, 102.1169
1968, 83520, 61.474, 102.6592
1985, 84480, 61.8381, 103.7619
2002, 85440, 62.1821, 103.5828
2020, 86400, 62.5447, 103.5834
2038, 87360, 62.8606, 102.4216
2056, 88320, 63.1502, 101.0686
2073, 89280, 63.4912, 101.1382
2091, 90240, 63.8389, 101.192
2109, 91200, 64.1165, 100.1092
2127, 92160, 64.4374, 99.9585
2144, 93120, 64.7158, 101.1732
2162, 94080, 65.0213, 101.0765
2180, 95040, 65.2729, 99.5517
2198, 96000, 65.5739, 100.0033
2215, 96960, 65.8562, 100.6038
2233, 97920, 66.1575, 100.6387
2250, 98880, 66.441, 101.3621
2268, 99840, 66.7311, 101.5011
2285, 100800, 67.0083, 103.0068
2303, 101760, 67.2785, 102.95
2320, 102720, 67.5303, 102.8694
2338, 103680, 67.7513, 101.6873
2356, 104640, 68.0168, 101.159
2373, 105600, 68.2554, 101.0798
2391, 106560, 68.5045, 100.6506
2408, 107520, 68.7731, 101.4651
2426, 108480, 68.9972, 101.9687
2444, 109440, 69.2631, 102.5307
2461, 110400, 69.4952, 102.498
2479, 111360, 69.7384, 103.1521
2497, 112320, 69.9537, 102.4315
2514, 113280, 70.1841, 103.1788
2532, 114240, 70.4313, 103.0574
2549, 115200, 70.6574, 103.2629
2567, 116160, 70.8966, 103.7125
2584, 117120, 71.1128, 103.4379
2602, 118080, 71.2982, 103.1553
2620, 119040, 71.4885, 102.3503
2637, 120000, 71.7009, 102.2387
2655, 120960, 71.9188, 101.9016
2673, 121920, 72.1416, 102.3146
2690, 122880, 72.3549, 102.7739
2708, 123840, 72.5638, 103.6454
2725, 124800, 72.7642, 104.685
2743, 125760, 72.9741, 104.7359
2760, 126720, 73.1699, 104.7602
2778, 127680, 73.3803, 104.8448
2795, 128640, 73.5669, 104.9089
2813, 129600, 73.7656, 104.905
2830, 130560, 73.961, 105.0187
2848, 131520, 74.1622, 105.066
2865, 132480, 74.3424, 105.1361
2883, 133440, 74.5343, 105.1592
2900, 134400, 74.6951, 104.6769
2918, 135360, 74.8899, 104.9631
2935, 136320, 75.0598, 104.7183
2953, 137280, 75.2393, 104.594
2971, 138240, 75.4171, 104.4958
2988, 139200, 75.5845, 104.6405
3006, 140160, 75.7572, 104.6591
3023, 141120, 75.9235, 104.83
3041, 142080, 76.0996, 104.9501
3058, 143040, 76.2735, 105.3761
3076, 144000, 76.4348, 105.1955
3093, 144960, 76.6071, 105.9444
3110, 145920, 76.7559, 105.7114
3128, 146880, 76.9201, 105.6601
3145, 147840, 77.061, 105.1
3163, 148800, 77.1917, 103.7927
3181, 149760, 77.3177, 103.061
3198, 150720, 77.4738, 102.97
3216, 151680, 77.6288, 103.0107
3233, 152640, 77.7706, 103.3046
3251, 153600, 77.9239, 103.6191
3269, 154560, 78.0224, 103.6728
3286, 155520, 78.1704, 103.8235
3304, 156480, 78.32, 103.9023
3321, 157440, 78.457, 103.7998
3338, 158400, 78.6041, 104.1508
3355, 159360, 78.7478, 104.4384
3373, 160320, 78.9121, 106.7928
3389, 161280, 79.0372, 106.5601
3407, 162240, 79.1764, 106.7503
3424, 163200, 79.3114, 106.9234
3441, 164160, 79.4436, 106.7093
3459, 165120, 79.5715, 105.9766
3476, 166080, 79.7006, 105.4562
3493, 167040, 79.8212, 105.4207
3511, 168000, 79.9653, 105.851
3527, 168960, 80.0883, 105.8833
3545, 169920, 80.234, 106.4369
3563, 170880, 80.3403, 105.8625
3580, 171840, 80.4647, 105.9453
3598, 172800, 80.5974, 106.3649
3614, 173760, 80.7237, 106.4864
3632, 174720, 80.8535, 106.3347
3649, 175680, 80.9706, 106.0595
3666, 176640, 81.0955, 107.2501
3683, 177600, 81.2103, 107.1134
3701, 178560, 81.3408, 107.1509
3717, 179520, 81.4586, 107.4846
3735, 180480, 81.5818, 107.3328
3752, 181440, 81.7016, 107.6608
3768, 182400, 81.8156, 107.9102
3785, 183360, 81.931, 107.912
3803, 184320, 82.0521, 107.8007
3819, 185280, 82.1742, 108.2138
3836, 186240, 82.2928, 108.6165
3854, 187200, 82.402, 108.162
3870, 188160, 82.5038, 107.9684
3887, 189120, 82.6186, 108.1155
3905, 190080, 82.7339, 108.1128
3921, 191040, 82.8403, 107.6256
3938, 192000, 82.9454, 107.4203
3955, 192960, 83.0675, 108.4863
3972, 193920, 83.182, 108.9031
3989, 194880, 83.2863, 108.7193
4006, 195840, 83.4054, 109.3726
4022, 196800, 83.5124, 109.5337
4039, 197760, 83.6108, 109.5689
4056, 198720, 83.7283, 109.6406
4073, 199680, 83.8365, 109.5292
4089, 200640, 83.9368, 109.884
4106, 201600, 84.0448, 109.6616
4123, 202560, 84.1542, 109.6219
4139, 203520, 84.2578, 110.3927
4156, 204480, 84.3652, 110.1978
4172, 205440, 84.4575, 110.052
4190, 206400, 84.5399, 108.9605
4207, 207360, 84.6403, 108.8363
4223, 208320, 84.7416, 108.9626
4240, 209280, 84.849, 109.0513
4257, 210240, 84.9564, 109.2318
4273, 211200, 85.0613, 110.0507
4289, 212160, 85.1639, 111.5416
4305, 213120, 85.2676, 112.2178
4322, 214080, 85.3662, 112.0781
4339, 215040, 85.4729, 112.1315
4355, 216000, 85.5629, 111.8712
4371, 216960, 85.6576, 111.6545
4388, 217920, 85.7487, 111.1694
4405, 218880, 85.8275, 109.9325
4421, 219840, 85.9202, 110.0502
4437, 220800, 86.0115, 109.9103
4454, 221760, 86.1146, 110.3449
4470, 222720, 86.2072, 110.5032
4486, 223680, 86.3036, 111.0672
4502, 224640, 86.4028, 112.1338
4519, 225600, 86.487, 112.0908
4536, 226560, 86.5799, 112.0687
4552, 227520, 86.6718, 112.0209
4569, 228480, 86.769, 112.1612
4586, 229440, 86.8423, 111.0118
4604, 230400, 86.9083, 109.2001
4620, 231360, 86.9977, 109.8754
4637, 232320, 87.0891, 109.9142
4653, 233280, 87.1728, 109.7684
4670, 234240, 87.2659, 109.6601
4686, 235200, 87.3508, 110.6674
4703, 236160, 87.4261, 111.5352
4721, 237120, 87.4862, 109.7608
4737, 238080, 87.5726, 109.9957
4755, 239040, 87.6357, 108.6521
4771, 240000, 87.7174, 108.6062
4788, 240960, 87.7812, 107.4838
4805, 241920, 87.869, 108.3131
4822, 242880, 87.9434, 109.3058
4839, 243840, 88.0145, 108.8095
4856, 244800, 88.0907, 109.4866
4872, 245760, 88.1769, 109.7771
4889, 246720, 88.2551, 110.6537
4905, 247680, 88.3361, 110.7771
4922, 248640, 88.415, 111.153
4938, 249600, 88.4906, 111.8093
4954, 250560, 88.5667, 112.2493
4971, 251520, 88.6517, 112.066
4987, 252480, 88.7294, 112.405
5003, 253440, 88.814, 112.6531
5020, 254400, 88.9031, 113.5207
5036, 255360, 88.9791, 113.5536
5052, 256320, 89.0558, 113.5544
5068, 257280, 89.1353, 114.0256
5085, 258240, 89.2197, 114.1423
5101, 259200, 89.2954, 113.9576
5118, 260160, 89.3602, 112.8447
5134, 261120, 89.4438, 113.2404
5150, 262080, 89.5187, 113.4394
5166, 263040, 89.5891, 113.0873
5182, 264000, 89.6701, 113.3271
5199, 264960, 89.7493, 113.4318
5215, 265920, 89.8329, 114.8145
5231, 266880, 89.9164, 114.9548
5247, 267840, 89.9901, 114.9691
5263, 268800, 90.0623, 115.3505
5279, 269760, 90.1339, 114.9558
5295, 270720, 90.2134, 115.2037
5311, 271680, 90.2891, 115.1383
5327, 272640, 90.3679, 115.0525
5343, 273600, 90.4403, 115.1327
5359, 274560, 90.5195, 115.5949
5375, 275520, 90.5923, 115.9104
5391, 276480, 90.6692, 115.7491
5407, 277440, 90.736, 115.4695
5424, 278400, 90.7991, 114.4961
5441, 279360, 90.8519, 113.3033
5458, 280320, 90.9001, 111.5254
5474, 281280, 90.9719, 111.6129
5490, 282240, 91.0441, 111.5396
5506, 283200, 91.1151, 111.8097
5523, 284160, 91.1831, 112.2808
5539, 285120, 91.2499, 112.3138
5556, 286080, 91.3053, 113.5206
5573, 287040, 91.3585, 112.8024
5590, 288000, 91.4095, 111.4718
5606, 288960, 91.4799, 111.5662
5622, 289920, 91.5533, 112.233
5638, 290880, 91.62, 112.3977
5654, 291840, 91.6827, 113.0668
5671, 292800, 91.735, 113.258
5688, 293760, 91.7784, 112.922
5704, 294720, 91.8465, 112.9207
5720, 295680, 91.9139, 112.7375
5736, 296640, 91.973, 112.3987
5752, 297600, 92.0409, 112.7985
5769, 298560, 92.0797, 110.9999
5785, 299520, 92.1387, 113.3126
5801, 300480, 92.2002, 113.1241
5818, 301440, 92.2612, 112.6378
5833, 302400, 92.3204, 112.6148
5849, 303360, 92.3825, 112.7912
5866, 304320, 92.431, 113.5008
5884, 305280, 92.4646, 111.6042
5900, 306240, 92.5295, 111.8377
5916, 307200, 92.5719, 111.0421
5932, 308160, 92.6337, 111.1843
5949, 309120, 92.6852, 110.3925
5965, 310080, 92.7395, 111.0768
5982, 311040, 92.789, 112.4235
5998, 312000, 92.8541, 112.5131
6014, 312960, 92.9163, 113.7852
6031, 313920, 92.9741, 113.334
6047, 314880, 93.0352, 114.3859
6067, 315840, 93.0285, 109.791
6084, 316800, 93.0639, 109.0567
6100, 317760, 93.1046, 107.6627
6117, 318720, 93.149, 106.4439
6135, 319680, 93.1802, 104.6892
6151, 320640, 93.2388, 104.6995
6169, 321600, 93.2659, 107.3495
6187, 322560, 93.2777, 106.6814
6204, 323520, 93.3239, 105.664
6220, 324480, 93.3737, 107.5112
6236, 325440, 93.4334, 108.7209
6253, 326400, 93.4804, 107.8737
6269, 327360, 93.5233, 109.4051
6287, 328320, 93.5675, 111.4955
6303, 329280, 93.6161, 112.0393
6319, 330240, 93.663, 111.8426
6335, 331200, 93.7192, 111.7613
6351, 332160, 93.773, 112.5351
6368, 333120, 93.7932, 110.5235
6384, 334080, 93.8178, 110.2871
6400, 335040, 93.8615, 109.9716
6416, 336000, 93.9122, 110.2543
6433, 336960, 93.9633, 109.8279
6449, 337920, 94.0157, 109.8538
6465, 338880, 94.0526, 110.0398
6481, 339840, 94.1056, 113.1583
6499, 340800, 94.1436, 112.3537
6516, 341760, 94.1682, 110.5948
6532, 342720, 94.2123, 110.4511
6549, 343680, 94.2604, 110.0455
6566, 344640, 94.2838, 109.0175
6584, 345600, 94.3049, 106.9809
6600, 346560, 94.361, 109.3851
6616, 347520, 94.3991, 109.4457
6633, 348480, 94.4375, 109.0224
6650, 349440, 94.4767, 109.5225
6666, 350400, 94.5205, 110.0563
6683, 351360, 94.5496, 110.8083
6699, 352320, 94.6031, 110.7883
6715, 353280, 94.6496, 111.0535
6731, 354240, 94.697, 112.3797
6748, 355200, 94.7405, 112.7461
6764, 356160, 94.7665, 111.5719
6782, 357120, 94.7968, 111.4497
6798, 358080, 94.8474, 111.4405
6814, 359040, 94.8964, 111.683
6831, 360000, 94.9158, 109.6451
6847, 360960, 94.9468, 109.1041
6863, 361920, 94.9929, 109.392
6879, 362880, 95.0359, 111.9008
6896, 363840, 95.0674, 110.5007
6912, 364800, 95.1151, 110.3663
6928, 365760, 95.108, 107.7435
6943, 366720, 95.1542, 110.2522
6959, 367680, 95.2026, 110.3889
6974, 368640, 95.2449, 110.5364
6991, 369600, 95.2802, 109.5322
7007, 370560, 95.328, 111.0093
7023, 371520, 95.363, 114.0343
7039, 372480, 95.3999, 113.3999
7055, 373440, 95.4415, 112.8743
7071, 374400, 95.4752, 112.101
7086, 375360, 95.5208, 113.3653
7102, 376320, 95.5684, 113.4744
7117, 377280, 95.6111, 113.8059
7133, 378240, 95.6576, 115.0284
7149, 379200, 95.6829, 113.8093
7164, 380160, 95.7265, 113.9304
7180, 381120, 95.7516, 113.3119
7195, 382080, 95.7978, 113.5436
7210, 383040, 95.8425, 113.7613
7225, 384000, 95.8903, 114.1604
7241, 384960, 95.9257, 113.3267
7256, 385920, 95.972, 115.2455
7271, 386880, 96.0154, 115.5
7286, 387840, 96.0621, 117.1018
7301, 388800, 96.1081, 117.0708
7315, 389760, 96.1501, 117.2752
7330, 390720, 96.2018, 117.5382
7345, 391680, 96.2471, 118.669
7360, 392640, 96.2856, 118.229
7374, 393600, 96.3281, 118.4186
7389, 394560, 96.3689, 118.2033
7404, 395520, 96.4139, 118.1956
7418, 396480, 96.4529, 117.9078
7433, 397440, 96.4953, 117.3962
7448, 398400, 96.5406, 117.418
7463, 399360, 96.5884, 118.1808
7478, 400320, 96.6272, 117.7808
7493, 401280, 96.6658, 117.7487
7508, 402240, 96.7077, 117.6279
7523, 403200, 96.7364, 116.667
7538, 404160, 96.7826, 117.0015
7552, 405120, 96.8231, 116.9383
7567, 406080, 96.8637, 116.6236
7582, 407040, 96.9081, 116.9572
7597, 408000, 96.9481, 117.2217
7612, 408960, 96.9892, 117.1904
7626, 409920, 97.0307, 118.4956
7641, 410880, 97.0701, 118.1614
7656, 411840, 97.1056, 117.6149
7670, 412800, 97.1482, 118.0084
7686, 413760, 97.178, 116.8208
7700, 414720, 97.2183, 117.1105
7715, 415680, 97.261, 117.2767
7731, 416640, 97.301, 116.6801
7745, 417600, 97.3429, 117.3404
7760, 418560, 97.3849, 117.8769
7775, 419520, 97.4266, 118.1604
7790, 420480, 97.4651, 118.594
7805, 421440, 97.5062, 118.5601
7820, 422400, 97.5392, 117.8047
7834, 423360, 97.5777, 118.2785
7849, 424320, 97.6215, 118.257
7863, 425280, 97.6619, 118.541
7878, 426240, 97.7007, 118.3739
7893, 427200, 97.7248, 117.4136
7908, 428160, 97.7652, 117.3968
7922, 429120, 97.8028, 117.9458
7937, 430080, 97.8449, 118.1476
7951, 431040, 97.8823, 117.8377
7967, 432000, 97.9084, 116.4487
7981, 432960, 97.9451, 116.5009
7996, 433920, 97.9838, 117.7723
8010, 434880, 98.0196, 117.7382
8024, 435840, 98.06, 118.0219
8039, 436800, 98.0962, 117.6065
8053, 437760, 98.1332, 117.6461
8067, 438720, 98.1709, 119.0893
8082, 439680, 98.1967, 118.0394
8097, 440640, 98.2409, 118.6039
8111, 441600, 98.2775, 118.705
8126, 442560, 98.3044, 117.5382
8141, 443520, 98.3461, 117.9342
8156, 444480, 98.3734, 117.016
8171, 445440, 98.3953, 115.5889
8185, 446400, 98.4311, 116.6649
8199, 447360, 98.4673, 116.4165
8213, 448320, 98.5071, 116.6913
8228, 449280, 98.5357, 116.8196
8242, 450240, 98.5714, 116.728
8257, 451200, 98.594, 116.3571
8271, 452160, 98.6326, 118.0293
8285, 453120, 98.6721, 118.3942
8299, 454080, 98.7116, 118.7375
8314, 455040, 98.7522, 118.646
8328, 456000, 98.7923, 119.9123
8342, 456960, 98.8166, 119.0281
8356, 457920, 98.8566, 120.7125
8370, 458880, 98.8924, 120.5826
8384, 459840, 98.932, 120.716
8398, 460800, 98.9683, 120.5654
8412, 461760, 99.0055, 120.6176
8426, 462720, 99.0427, 120.395
8440, 463680, 99.0744, 121.0263
8454, 464640, 99.1077, 120.5847
8468, 465600, 99.145, 120.7819
8481, 466560, 99.1821, 120.8867
8495, 467520, 99.2207, 121.1129
8509, 468480, 99.2575, 121.2079
8522, 469440, 99.2953, 121.4795
8536, 470400, 99.3309, 121.9412
8551, 471360, 99.3518, 120.7027
8565, 472320, 99.3839, 120.3586
8579, 473280, 99.4231, 120.2718
8592, 474240, 99.4559, 120.1459
8607, 475200, 99.4838, 119.2309
8620, 476160, 99.5193, 119.05
8634, 477120, 99.5571, 119.215
8648, 478080, 99.5933, 120.4817
8661, 479040, 99.6297, 121.5566
8675, 480000, 99.6659, 121.4642
8689, 480960, 99.7036, 121.4855
8703, 481920, 99.7265, 120.8984
8716, 482880, 99.7594, 121.4389
8731, 483840, 99.7859, 120.2676
8744, 484800, 99.8186, 120.1959
8758, 485760, 99.8422, 119.0016
8772, 486720, 99.8775, 118.9304
8785, 487680, 99.9094, 118.7072
8798, 488640, 99.9451, 120.119
8812, 489600, 99.9823, 120.2772
8825, 490560, 100.0152, 121.4275
8838, 491520, 100.051, 121.65
8852, 492480, 100.0728, 121.7618
8865, 493440, 100.1077, 121.8355
8878, 494400, 100.1435, 122.2174
8892, 495360, 100.1616, 120.6882
8906, 496320, 100.1931, 120.2045
8920, 497280, 100.2154, 118.8942
8934, 498240, 100.2522, 118.8407
8947, 499200, 100.2752, 118.1375
8961, 500160, 100.3102, 119.1485
8974, 501120, 100.3461, 119.4331
8988, 502080, 100.3682, 119.5834
9001, 503040, 100.3886, 118.9044
9014, 504000, 100.4217, 120.2547
9027, 504960, 100.4576, 120.4154
9040, 505920, 100.4938, 120.4802
9053, 506880, 100.5301, 122.0453
9066, 507840, 100.5666, 122.2885
9079, 508800, 100.6019, 122.4522
9091, 509760, 100.6368, 124.1392
9104, 510720, 100.672, 125.5083
9116, 511680, 100.7052, 125.7669
9129, 512640, 100.738, 125.5724
9142, 513600, 100.7603, 124.3426
9155, 514560, 100.7935, 124.1704
9167, 515520, 100.8273, 124.1796
9180, 516480, 100.8627, 124.2298
9192, 517440, 100.8944, 124.0568
9205, 518400, 100.9263, 123.8003
9218, 519360, 100.9596, 123.648
9230, 520320, 100.9924, 123.9502
9242, 521280, 101.0245, 125.176
9255, 522240, 101.06, 125.4573
9267, 523200, 101.0921, 125.3683
9280, 524160, 101.1246, 125.1715
9292, 525120, 101.1575, 125.3406
9305, 526080, 101.1929, 125.7304
9317, 527040, 101.2232, 125.7026
9330, 528000, 101.2599, 125.9471
9342, 528960, 101.2919, 126.0033
9355, 529920, 101.3244, 125.7906
9367, 530880, 101.3572, 125.9265
9379, 531840, 101.3886, 126.1255
9392, 532800, 101.4174, 125.5657
9404, 533760, 101.4492, 125.4851
9416, 534720, 101.4831, 125.8907
9429, 535680, 101.5137, 125.4672
9442, 536640, 101.536, 124.3463
9454, 537600, 101.5658, 124.4218
9467, 538560, 101.5894, 123.3387
9480, 539520, 101.6226, 123.3618
9492, 540480, 101.6532, 123.8034
9504, 541440, 101.6852, 123.8784
9515, 542400, 101.7153, 123.8146
9527, 543360, 101.7492, 124.4486
9539, 544320, 101.7744, 125.0291
9551, 545280, 101.8083, 125.5134
9562, 546240, 101.8385, 125.7921
9574, 547200, 101.8687, 126.6565
9586, 548160, 101.9003, 126.935
9598, 549120, 101.9316, 126.8186
9610, 550080, 101.9639, 126.9228
9622, 551040, 101.9964, 126.9028
9633, 552000, 102.0259, 127.099
9645, 552960, 102.0598, 127.6774
9656, 553920, 102.0895, 127.638
9668, 554880, 102.1188, 127.5185
9679, 555840, 102.1465, 127.3592
9691, 556800, 102.175, 127.2482
9703, 557760, 102.2065, 127.291
9715, 558720, 102.2382, 127.2041
9726, 559680, 102.2679, 127.4324
9738, 560640, 102.3004, 127.2987
9751, 561600, 102.3074, 124.7181
9762, 562560, 102.3383, 125.1422
9774, 563520, 102.3694, 125.1535
9785, 564480, 102.3953, 125.1269
9797, 565440, 102.4137, 124.0355
9809, 566400, 102.4332, 122.8319
9821, 567360, 102.4648, 122.7488
9832, 568320, 102.4941, 122.923
9843, 569280, 102.523, 124.3476
9855, 570240, 102.5522, 125.2363
9866, 571200, 102.5814, 125.2438
9877, 572160, 102.6103, 125.4518
9888, 573120, 102.6387, 125.6231
9900, 574080, 102.6593, 127.2121
9910, 575040, 102.6872, 127.2896
9922, 576000, 102.7147, 126.9851
9932, 576960, 102.7421, 127.1248
9943, 577920, 102.7728, 127.3607
9954, 578880, 102.8031, 127.7977
9965, 579840, 102.8325, 127.9252
9977, 580800, 102.8512, 126.6515
9988, 581760, 102.8797, 126.7064
9999, 582720, 102.8969, 126.6958
10010, 583680, 102.9259, 126.5814
10021, 584640, 102.9529, 126.8525
10032, 585600, 102.9838, 126.9964
10044, 586560, 103.0026, 125.6226
10055, 587520, 103.0305, 125.4966
10066, 588480, 103.0587, 125.3876
10077, 589440, 103.0882, 126.7257
10088, 590400, 103.1167, 126.7883
10099, 591360, 103.1473, 128.179
10110, 592320, 103.175, 128.115
10120, 593280, 103.202, 128.4449
10132, 594240, 103.2296, 127.8899
10144, 595200, 103.2429, 127.3727
10155, 596160, 103.2712, 127.4788
10167, 597120, 103.2902, 126.3165
10178, 598080, 103.3185, 126.3268
10189, 599040, 103.3354, 125.1258
10201, 600000, 103.3611, 124.4201
10212, 600960, 103.3891, 124.4436
10223, 601920, 103.4154, 124.2079
10234, 602880, 103.4433, 124.5559
10245, 603840, 103.4704, 126.249
10257, 604800, 103.4915, 125.3301
10267, 605760, 103.5183, 126.7077
10278, 606720, 103.5489, 127.002
10289, 607680, 103.5737, 127.8547
10299, 608640, 103.6, 128.551
10310, 609600, 103.6289, 128.6221
10321, 610560, 103.6565, 128.7756
10331, 611520, 103.6814, 128.773
10341, 612480, 103.7089, 129.1624
10352, 613440, 103.7376, 130.4199
10362, 614400, 103.7643, 130.2873
10374, 615360, 103.7856, 129.3264
10384, 616320, 103.8118, 129.7283
10394, 617280, 103.8356, 129.4124
10404, 618240, 103.8614, 129.4902
10415, 619200, 103.8791, 128.4088
10426, 620160, 103.909, 128.5695
10436, 621120, 103.9369, 128.9367
10446, 622080, 103.9634, 129.0276
10455, 623040, 103.9877, 129.0853
10465, 624000, 104.0135, 130.2644
10476, 624960, 104.0432, 130.2123
10485, 625920, 104.0693, 130.511
10495, 626880, 104.0968, 130.9314
10505, 627840, 104.1238, 131.1135
10515, 628800, 104.1516, 132.5385
10525, 629760, 104.1793, 132.645
10535, 630720, 104.2062, 132.5783
10545, 631680, 104.2351, 132.8854
10555, 632640, 104.2608, 132.8174
10565, 633600, 104.2756, 131.6996
10575, 634560, 104.3035, 131.8488
10585, 635520, 104.3299, 131.6518
10594, 636480, 104.3538, 131.5007
10604, 637440, 104.3814, 131.746
10614, 638400, 104.408, 131.6686
10623, 639360, 104.4335, 131.7826
10633, 640320, 104.4621, 132.0051
10643, 641280, 104.4884, 131.7983
10653, 642240, 104.5164, 132.0614
10662, 643200, 104.5403, 133.3942
10672, 644160, 104.5656, 133.1284
10682, 645120, 104.5929, 133.2615
10692, 646080, 104.6207, 133.4874
10701, 647040, 104.6452, 133.412
10712, 648000, 104.6604, 131.9702
10722, 648960, 104.6892, 132.1369
10731, 649920, 104.7149, 132.1889
10740, 650880, 104.7401, 132.3345
10750, 651840, 104.7681, 132.4963
10759, 652800, 104.7929, 132.5805
10768, 653760, 104.8174, 132.651
10778, 654720, 104.8445, 132.7845
10788, 655680, 104.8602, 131.6283
10799, 656640, 104.8784, 130.4204
10808, 657600, 104.9034, 131.9316
10817, 658560, 104.9287, 132.1486
10828, 659520, 104.9456, 130.5921
10837, 660480, 104.9662, 130.1476
10847, 661440, 104.9933, 130.1556
10856, 662400, 105.0189, 130.1961
10867, 663360, 105.0381, 129.0988
10876, 664320, 105.0589, 128.6665
10885, 665280, 105.0857, 130.3365
10895, 666240, 105.1123, 131.6302
10904, 667200, 105.1379, 131.7343
10915, 668160, 105.1502, 129.7112
10924, 669120, 105.1744, 131.1069
10933, 670080, 105.2, 131.7667
10943, 671040, 105.2274, 131.8013
10953, 672000, 105.2501, 131.2566
10963, 672960, 105.2649, 129.8937
10972, 673920, 105.2894, 131.601
10982, 674880, 105.3154, 131.3104
10992, 675840, 105.3293, 129.8702
11002, 676800, 105.3575, 129.8829
11012, 677760, 105.3794, 131.2683
11022, 678720, 105.3967, 130.3201
11031, 679680, 105.4227, 130.3816
11043, 680640, 105.4311, 127.7248
11052, 681600, 105.4553, 128.243
11061, 682560, 105.4714, 128.6473
11072, 683520, 105.478, 126.1726
11081, 684480, 105.505, 126.621
11091, 685440, 105.522, 126.9556
11101, 686400, 105.5394, 125.8571
11110, 687360, 105.5671, 126.9063
11120, 688320, 105.5903, 127.5092
11128, 689280, 105.6151, 127.7781
11137, 690240, 105.643, 128.1555
11146, 691200, 105.6723, 131.4264
11155, 692160, 105.6983, 131.5631
11164, 693120, 105.727, 133.0753
11173, 694080, 105.7541, 136.0163
11183, 695040, 105.7762, 135.1282
11192, 696000, 105.8064, 136.9114
11201, 696960, 105.8348, 138.6324
11211, 697920, 105.8471, 136.5628
11220, 698880, 105.8803, 138.1237
11229, 699840, 105.908, 138.2008
11237, 700800, 105.9341, 138.3582
11246, 701760, 105.9659, 138.6808
11255, 702720, 105.998, 139.4313
11263, 703680, 106.0312, 140.2665
11272, 704640, 106.0582, 140.3099
11280, 705600, 106.0882, 141.5158
11289, 706560, 106.1219, 142.6709
11297, 707520, 106.1534, 143.3026
11307, 708480, 106.173, 142.7284
11316, 709440, 106.2028, 144.0352
11325, 710400, 106.2367, 144.509
11334, 711360, 106.2658, 144.6904
11343, 712320, 106.2865, 143.6427
11351, 713280, 106.3175, 144.0176
11360, 714240, 106.3511, 143.587
11369, 715200, 106.3831, 143.969
11377, 716160, 106.4133, 144.2106
11387, 717120, 106.438, 142.8292
11396, 718080, 106.4701, 142.6727
11404, 719040, 106.4987, 144.3658
11412, 720000, 106.5376, 145.9806
11421, 720960, 106.577, 146.9674
11429, 721920, 106.6082, 147.2303
11438, 722880, 106.6481, 148.3269
11445, 723840, 106.6824, 150.4798
11453, 724800, 106.7202, 151.3501
11462, 725760, 106.7524, 151.1903
11470, 726720, 106.7824, 151.6729
11478, 727680, 106.8158, 152.1574
11486, 728640, 106.8512, 154.7556
11495, 729600, 106.8887, 155.0471
11503, 730560, 106.9259, 156.0522
11512, 731520, 106.9507, 154.0899
11520, 732480, 106.9935, 154.8796
11528, 733440, 107.0312, 155.7572
11536, 734400, 107.0671, 155.9617
11544, 735360, 107.1036, 156.0671
11552, 736320, 107.1475, 156.7004
11561, 737280, 107.1749, 156.1686
11569, 738240, 107.2145, 157.1207
11578, 739200, 107.2364, 155.5201
11586, 740160, 107.276, 156.0752
11594, 741120, 107.3143, 156.3911
11602, 742080, 107.3426, 155.4603
11610, 743040, 107.3805, 158.1614
11618, 744000, 107.4185, 157.5422
11627, 744960, 107.4531, 156.7418
11635, 745920, 107.4943, 157.4532
11643, 746880, 107.5235, 156.517
11651, 747840, 107.5649, 156.5406
11659, 748800, 107.6065, 158.3604
11667, 749760, 107.6402, 157.7007
11674, 750720, 107.6842, 161.3244
11682, 751680, 107.7333, 163.0489
11690, 752640, 107.775, 163.3439
11697, 753600, 107.8195, 165.9785
11705, 754560, 107.8651, 166.7931
11712, 755520, 107.9033, 167.4541
11720, 756480, 107.9538, 170.7917
11728, 757440, 107.9983, 170.6972
11735, 758400, 108.0351, 170.9553
11743, 759360, 108.0727, 172.0185
11751, 760320, 108.1151, 172.2115
11758, 761280, 108.1577, 173.0917
11766, 762240, 108.2064, 174.9206
11774, 763200, 108.2396, 173.0845
11783, 764160, 108.2742, 170.8929
11790, 765120, 108.3155, 171.4985
11797, 766080, 108.3578, 171.3295
11804, 767040, 108.4002, 171.7753
11811, 768000, 108.4469, 172.8513
11819, 768960, 108.4835, 171.3847
11828, 769920, 108.5084, 168.336
11835, 770880, 108.553, 169.322
11842, 771840, 108.5987, 171.1403
11850, 772800, 108.647, 171.7828
11858, 773760, 108.6753, 169.5256
11865, 774720, 108.7185, 169.1706
11873, 775680, 108.755, 170.1939
11880, 776640, 108.8008, 171.994
11888, 777600, 108.8384, 171.8873
11896, 778560, 108.8812, 171.2471
11903, 779520, 108.9273, 171.911
11910, 780480, 108.972, 171.721
11917, 781440, 109.0165, 171.7891
11924, 782400, 109.06, 173.5721
11932, 783360, 109.1012, 176.2788
11939, 784320, 109.1392, 175.4539
11946, 785280, 109.187, 175.7418
11953, 786240, 109.2289, 176.9753
11960, 787200, 109.273, 178.679
11968, 788160, 109.3247, 180.638
11975, 789120, 109.3719, 181.0515
11982, 790080, 109.4215, 181.4712
11989, 791040, 109.4687, 183.5649
11996, 792000, 109.5051, 183.7244
12004, 792960, 109.5473, 182.5964
12011, 793920, 109.5905, 182.4099
12018, 794880, 109.6373, 182.8132
12025, 795840, 109.6811, 183.0241
12033, 796800, 109.7193, 182.6347
12040, 797760, 109.7666, 183.9517
12048, 798720, 109.8188, 184.3261
12056, 799680, 109.8531, 182.2428
12064, 800640, 109.8905, 180.2788
12071, 801600, 109.9317, 180.3644
12078, 802560, 109.9772, 179.8493
12087, 803520, 110.004, 175.8662
12094, 804480, 110.0494, 176.9969
12100, 805440, 110.0899, 176.9033
12108, 806400, 110.1384, 178.4389
12115, 807360, 110.182, 178.0046
12122, 808320, 110.211, 176.3852
12131, 809280, 110.2461, 175.2184
12139, 810240, 110.2834, 173.2802
12145, 811200, 110.3258, 174.0273
12152, 812160, 110.3729, 173.8188
12161, 813120, 110.4045, 174.8508
12167, 814080, 110.4445, 174.9334
12174, 815040, 110.4939, 175.9312
12181, 816000, 110.5434, 177.0815
12188, 816960, 110.5867, 180.2563
12195, 817920, 110.6257, 179.4429
12203, 818880, 110.6728, 179.0191
12210, 819840, 110.7139, 178.8147
12218, 820800, 110.7442, 176.5685
12225, 821760, 110.7906, 178.7261
12232, 822720, 110.8355, 181.4431
12239, 823680, 110.8771, 182.9396
12246, 824640, 110.9239, 182.7428
12253, 825600, 110.9651, 182.0604
12260, 826560, 111.0113, 185.6132
12267, 827520, 111.0579, 185.6955
12274, 828480, 111.102, 185.1288
12281, 829440, 111.145, 184.4235
12288, 830400, 111.1937, 185.1768
12295, 831360, 111.2379, 185.8918
12302, 832320, 111.2853, 186.8109
12308, 833280, 111.3273, 187.1046
12316, 834240, 111.3783, 190.2992
12323, 835200, 111.4242, 190.6039
12329, 836160, 111.4661, 191.1725
12336, 837120, 111.5129, 191.0235
12343, 838080, 111.5574, 191.7416
12350, 839040, 111.6047, 192.4512
12357, 840000, 111.6556, 193.0214
12363, 840960, 111.6993, 193.5064
12371, 841920, 111.7371, 191.613
12378, 842880, 111.7769, 192.0924
12386, 843840, 111.8162, 190.068
12393, 844800, 111.855, 189.4746
12400, 845760, 111.8918, 188.188
12407, 846720, 111.9411, 188.3262
12414, 847680, 111.9899, 188.4918
12421, 848640, 112.0289, 188.3629
12428, 849600, 112.0759, 188.1617
12434, 850560, 112.1164, 187.8708
12441, 851520, 112.1661, 188.9313
12449, 852480, 112.2049, 187.1331
12456, 853440, 112.247, 186.1989
12462, 854400, 112.2865, 185.8351
12469, 855360, 112.3364, 186.2313
12476, 856320, 112.3805, 188.6901
12483, 857280, 112.4251, 190.3212
12490, 858240, 112.469, 190.4156
12497, 859200, 112.5192, 192.2026
12504, 860160, 112.5635, 192.3373
12513, 861120, 112.5909, 188.0545
12520, 862080, 112.6326, 188.4731
12526, 863040, 112.6753, 188.8587
12533, 864000, 112.7249, 189.1394
12540, 864960, 112.7599, 187.4643
12547, 865920, 112.8078, 189.4599
12553, 866880, 112.8519, 190.8434
12561, 867840, 112.8977, 190.0511
12567, 868800, 112.9388, 190.0112
12574, 869760, 112.9862, 189.6508
12580, 870720, 113.0244, 189.8446
12587, 871680, 113.0647, 189.4038
12594, 872640, 113.1117, 189.8784
12600, 873600, 113.151, 190.001
12607, 874560, 113.1996, 190.841
12613, 875520, 113.2395, 194.4029
12620, 876480, 113.2866, 195.1657
12627, 877440, 113.332, 194.655
12634, 878400, 113.3731, 193.8648
12641, 879360, 113.4144, 194.6256
12647, 880320, 113.454, 194.5318
12653, 881280, 113.4949, 194.2128
12660, 882240, 113.5409, 195.2541
12667, 883200, 113.5863, 194.9491
12673, 884160, 113.6299, 195.3246
12680, 885120, 113.6766, 195.7238
12686, 886080, 113.7165, 196.6891
12692, 887040, 113.7572, 196.7519
12699, 888000, 113.8039, 197.0081
12706, 888960, 113.8535, 197.1743
12712, 889920, 113.8962, 197.5501
12719, 890880, 113.941, 197.2832
12725, 891840, 113.9766, 197.0302
12732, 892800, 114.0272, 197.6532
12738, 893760, 114.0711, 198.9043
12744, 894720, 114.1133, 200.1191
12751, 895680, 114.1636, 200.5168
12757, 896640, 114.2035, 200.3239
12764, 897600, 114.254, 201.4493
12770, 898560, 114.2969, 201.5941
12777, 899520, 114.345, 201.3966
12783, 900480, 114.3835, 201.6793
12790, 901440, 114.4349, 202.0666
12796, 902400, 114.4782, 202.9228
12802, 903360, 114.5184, 202.6415
12809, 904320, 114.5594, 201.6757
12816, 905280, 114.6119, 202.6394
12822, 906240, 114.6574, 203.1226
12830, 907200, 114.6952, 201.3978
12836, 908160, 114.7353, 201.2107
12843, 909120, 114.7862, 201.4775
12850, 910080, 114.8251, 200.1318
12856, 911040, 114.8634, 199.9809
12863, 912000, 114.9145, 200.0416
12870, 912960, 114.9525, 198.6658
12877, 913920, 115.0005, 198.7542
12883, 914880, 115.0437, 199.4348
12891, 915840, 115.0761, 196.1327
12898, 916800, 115.117, 195.0539
12905, 917760, 115.1632, 194.9685
12911, 918720, 115.202, 195.587
12918, 919680, 115.2444, 194.3169
12924, 920640, 115.2879, 194.1766
12931, 921600, 115.3375, 196.7601
12937, 922560, 115.3807, 197.1973
12945, 923520, 115.4139, 194.1978
12951, 924480, 115.4505, 194.9671
12959, 925440, 115.4932, 193.7287
12966, 926400, 115.5329, 193.4008
12973, 927360, 115.5618, 191.802
12981, 928320, 115.6022, 189.5119
12988, 929280, 115.6413, 190.8011
12994, 930240, 115.679, 192.0678
13001, 931200, 115.7258, 191.2225
13007, 932160, 115.7612, 191.0387
13014, 933120, 115.807, 191.389
13021, 934080, 115.8464, 190.7374
13027, 935040, 115.888, 190.7461
13034, 936000, 115.9412, 191.2154
13040, 936960, 115.9835, 193.2337
13047, 937920, 116.0191, 193.2352
13053, 938880, 116.0618, 193.3129
13061, 939840, 116.1025, 193.7276
13069, 940800, 116.1355, 193.2413
13076, 941760, 116.1776, 195.574
13083, 942720, 116.2155, 194.6738
13090, 943680, 116.2436, 192.6017
13097, 944640, 116.2873, 192.4884
13104, 945600, 116.3368, 193.1847
13111, 946560, 116.3742, 192.4234
13117, 947520, 116.4166, 193.7452
13123, 948480, 116.4575, 194.2378
13130, 949440, 116.4978, 192.9906
13138, 950400, 116.5366, 190.3913
13144, 951360, 116.5782, 191.0781
13151, 952320, 116.6249, 192.0196
13157, 953280, 116.6611, 191.6481
13165, 954240, 116.6966, 193.1544
13171, 955200, 116.7383, 193.5968
13178, 956160, 116.7787, 194.232
13186, 957120, 116.8185, 195.1892
13194, 958080, 116.8477, 192.9775
13202, 959040, 116.8744, 189.1056
13208, 960000, 116.9185, 190.1228
13214, 960960, 116.9614, 191.1703
13221, 961920, 117.0014, 190.0801
13229, 962880, 117.0318, 188.0958
13237, 963840, 117.0568, 186.3486
13243, 964800, 117.0987, 186.3807
13251, 965760, 117.1341, 184.0979
13258, 966720, 117.1719, 183.4355
13264, 967680, 117.2086, 185.4891
13271, 968640, 117.2484, 184.4418
13278, 969600, 117.2844, 183.9296
13285, 970560, 117.3273, 185.3155
13292, 971520, 117.3608, 184.9778
13299, 972480, 117.3933, 186.5934
13305, 973440, 117.4341, 188.5137
13312, 974400, 117.4836, 188.397
13318, 975360, 117.5236, 188.0609
13324, 976320, 117.5598, 188.6122
13331, 977280, 117.6013, 191.1069
13339, 978240, 117.639, 192.7462
13345, 979200, 117.6807, 193.6445
13352, 980160, 117.7146, 194.4774
13358, 981120, 117.7579, 195.4431
13365, 982080, 117.7908, 194.058
13372, 983040, 117.8326, 194.6991
13380, 984000, 117.8623, 192.6651
13387, 984960, 117.9034, 193.3194
13393, 985920, 117.9393, 193.9945
13399, 986880, 117.9848, 196.6424
13405, 987840, 118.0283, 197.0886
13412, 988800, 118.0704, 196.1866
13418, 989760, 118.1024, 195.1766
13424, 990720, 118.1423, 195.7597
13432, 991680, 118.1746, 193.6031
13438, 992640, 118.2197, 195.2626
13444, 993600, 118.2539, 195.617
13451, 994560, 118.2982, 197.255
13457, 995520, 118.3414, 197.2833
13463, 996480, 118.3817, 199.1602
13470, 997440, 118.4215, 199.1446
13475, 998400, 118.4572, 199.0644
13481, 999360, 118.4993, 202.8244
13487, 1000320, 118.5443, 204.34
13493, 1001280, 118.59, 205.7397
13498, 1002240, 118.6267, 205.6602
13504, 1003200, 118.6681, 205.406
13510, 1004160, 118.7136, 205.5443
13517, 1005120, 118.7449, 205.1119
13523, 1006080, 118.7844, 206.0839
13530, 1007040, 118.8204, 207.4777
13535, 1008000, 118.8588, 207.832
13541, 1008960, 118.8968, 206.9421
13547, 1009920, 118.9412, 208.2122
13553, 1010880, 118.9848, 209.3571
13558, 1011840, 119.022, 210.3533
13564, 1012800, 119.065, 210.0815
13569, 1013760, 119.1018, 211.701
13575, 1014720, 119.1455, 211.8885
13580, 1015680, 119.1837, 212.3685
13586, 1016640, 119.2267, 212.2761
13592, 1017600, 119.2717, 212.3448
13597, 1018560, 119.3089, 212.415
13603, 1019520, 119.3536, 212.8102
13608, 1020480, 119.3901, 212.8335
13614, 1021440, 119.4314, 213.8441
13620, 1022400, 119.466, 214.558
13626, 1023360, 119.5103, 216.034
13631, 1024320, 119.5466, 216.8199
13637, 1025280, 119.5894, 216.4829
13643, 1026240, 119.6326, 217.3118
13648, 1027200, 119.6694, 217.3853
13654, 1028160, 119.7087, 216.759
13660, 1029120, 119.7516, 216.6488
13666, 1030080, 119.7946, 216.6136
13671, 1031040, 119.8275, 216.4128
13677, 1032000, 119.8714, 216.4361
13682, 1032960, 119.9063, 216.1332
13688, 1033920, 119.9482, 215.9489
13694, 1034880, 119.9863, 214.9943
13700, 1035840, 120.0229, 214.1926
13706, 1036800, 120.0644, 213.8131
13712, 1037760, 120.1038, 213.5272
13719, 1038720, 120.1415, 212.923
13725, 1039680, 120.1771, 212.0377
13730, 1040640, 120.2125, 211.9904
13736, 1041600, 120.254, 211.7029
13741, 1042560, 120.2905, 212.0346
13748, 1043520, 120.3298, 210.4716
13754, 1044480, 120.3722, 210.9746
13759, 1045440, 120.4072, 210.8857
13765, 1046400, 120.4499, 211.0442
13771, 1047360, 120.4928, 211.4401
13777, 1048320, 120.5336, 211.1043
13782, 1049280, 120.5679, 211.0942
13788, 1050240, 120.6133, 211.653
13794, 1051200, 120.6448, 210.8288
13800, 1052160, 120.6896, 212.0373
13806, 1053120, 120.7292, 211.8547
13811, 1054080, 120.7667, 212.695
13817, 1055040, 120.8108, 214.6483
13822, 1056000, 120.8484, 215.0083
13828, 1056960, 120.887, 215.5648
13834, 1057920, 120.9297, 215.6456
13840, 1058880, 120.9751, 215.9439
13846, 1059840, 121.0178, 216.075
13851, 1060800, 121.0525, 217.4522
13858, 1061760, 121.0862, 215.4542
13863, 1062720, 121.1202, 215.3283
13869, 1063680, 121.1627, 215.4875
13874, 1064640, 121.1995, 215.8604
13880, 1065600, 121.2434, 216.1984
13885, 1066560, 121.278, 216.0457
13891, 1067520, 121.3194, 215.8709
13896, 1068480, 121.3553, 217.3107
13902, 1069440, 121.3974, 217.0631
13908, 1070400, 121.4388, 217.335
13914, 1071360, 121.4764, 216.3841
13919, 1072320, 121.5136, 216.5454
13925, 1073280, 121.5535, 216.0766
13930, 1074240, 121.5898, 216.8037
13936, 1075200, 121.6326, 216.7605
13941, 1076160, 121.6683, 216.6136
13947, 1077120, 121.7111, 216.7364
13952, 1078080, 121.7459, 216.741
13958, 1079040, 121.787, 218.9109
13963, 1080000, 121.8235, 219.3158
13969, 1080960, 121.867, 219.5472
13975, 1081920, 121.8986, 217.952
13981, 1082880, 121.944, 218.2144
13986, 1083840, 121.9801, 218.5248
13993, 1084800, 122.0145, 216.5069
13999, 1085760, 122.0466, 215.1764
14004, 1086720, 122.0795, 214.9231
14010, 1087680, 122.1134, 213.9913
14016, 1088640, 122.1563, 214.7141
14023, 1089600, 122.1907, 213.0095
14028, 1090560, 122.2278, 213.0617
14033, 1091520, 122.2647, 213.1347
14038, 1092480, 122.3019, 213.56
14045, 1093440, 122.3403, 211.9155
14050, 1094400, 122.3761, 212.2343
14055, 1095360, 122.4098, 212.1669
14061, 1096320, 122.4457, 211.3097
14067, 1097280, 122.4811, 210.2822
14072, 1098240, 122.5163, 211.8498
14078, 1099200, 122.559, 211.639
14083, 1100160, 122.5906, 210.955
14090, 1101120, 122.6181, 210.119
14096, 1102080, 122.6607, 210.8869
14101, 1103040, 122.696, 211.8179
14107, 1104000, 122.7231, 209.6809
14114, 1104960, 122.7531, 208.2897
14120, 1105920, 122.7951, 208.8714
14125, 1106880, 122.8301, 210.4745
14131, 1107840, 122.87, 209.873
14137, 1108800, 122.8971, 207.4142
14143, 1109760, 122.9377, 207.9755
14149, 1110720, 122.9567, 205.5219
14155, 1111680, 122.9934, 205.0265
14161, 1112640, 123.0342, 205.7908
14166, 1113600, 123.0701, 206.8602
14171, 1114560, 123.1042, 206.7297
14177, 1115520, 123.1464, 206.8283
14183, 1116480, 123.1827, 206.5643
14188, 1117440, 123.2179, 209.6298
14194, 1118400, 123.258, 209.5106
14199, 1119360, 123.2923, 209.372
14204, 1120320, 123.3261, 211.343
14210, 1121280, 123.3668, 211.9051
14216, 1122240, 123.4022, 213.1201
14221, 1123200, 123.438, 213.2387
14227, 1124160, 123.47, 211.7935
14233, 1125120, 123.5053, 212.6152
14238, 1126080, 123.5411, 213.6834
14244, 1127040, 123.5811, 213.6707
14250, 1128000, 123.6101, 215.0801
14255, 1128960, 123.6458, 215.9937
14261, 1129920, 123.6872, 216.1615
14267, 1130880, 123.7182, 214.6516
14273, 1131840, 123.7484, 212.9741
14279, 1132800, 123.7857, 213.3039
14285, 1133760, 123.8213, 212.4186
14292, 1134720, 123.847, 209.3967
14299, 1135680, 123.8708, 206.007
14305, 1136640, 123.9103, 205.9244
14310, 1137600, 123.9391, 205.2602
14316, 1138560, 123.9743, 205.3048
14322, 1139520, 124.013, 204.8398
14328, 1140480, 124.0452, 204.915
14333, 1141440, 124.0785, 205.6592
14340, 1142400, 124.1108, 203.4966
14345, 1143360, 124.1405, 202.8568
14351, 1144320, 124.1818, 204.7019
14357, 1145280, 124.2164, 203.4605
14362, 1146240, 124.2504, 203.6609
14368, 1147200, 124.2858, 204.313
14373, 1148160, 124.3195, 205.8364
14380, 1149120, 124.346, 203.3427
14386, 1150080, 124.3701, 201.7564
14393, 1151040, 124.4015, 202.6915
14399, 1152000, 124.4312, 204.5708
14405, 1152960, 124.47, 204.5293
14411, 1153920, 124.5046, 204.5687
14417, 1154880, 124.5324, 203.3998
14423, 1155840, 124.5609, 202.0985
14428, 1156800, 124.5956, 203.4538
14434, 1157760, 124.635, 203.3138
14440, 1158720, 124.6692, 204.741
14446, 1159680, 124.6972, 203.55
14452, 1160640, 124.734, 203.0842
14457, 1161600, 124.7679, 203.9349
14464, 1162560, 124.7942, 200.9179
14471, 1163520, 124.8189, 198.3495
14477, 1164480, 124.8577, 199.905
14483, 1165440, 124.8883, 202.1428
14488, 1166400, 124.9215, 202.3832
14494, 1167360, 124.9608, 205.2822
14500, 1168320, 124.9993, 205.8144
14507, 1169280, 125.0262, 203.2772
14513, 1170240, 125.0506, 202.1135
14519, 1171200, 125.0897, 203.6613
14524, 1172160, 125.1229, 205.2094
14530, 1173120, 125.1615, 204.8991
14535, 1174080, 125.1951, 205.138
14542, 1175040, 125.2267, 204.6317
14548, 1176000, 125.2603, 204.7986
14554, 1176960, 125.3002, 205.0492
14560, 1177920, 125.3294, 203.781
14565, 1178880, 125.3612, 206.468
14571, 1179840, 125.4013, 209.6883
14577, 1180800, 125.4255, 207.6291
14583, 1181760, 125.4588, 208.0817
14588, 1182720, 125.4918, 208.1222
14594, 1183680, 125.5328, 208.4384
14599, 1184640, 125.5656, 208.6704
14605, 1185600, 125.6022, 209.5983
14610, 1186560, 125.6356, 211.131
14617, 1187520, 125.6678, 211.6008
14623, 1188480, 125.707, 211.4884
14628, 1189440, 125.7403, 211.7477
14635, 1190400, 125.7752, 210.0973
14640, 1191360, 125.8087, 210.0952
14646, 1192320, 125.842, 212.3287
14652, 1193280, 125.8819, 212.4591
14658, 1194240, 125.9197, 213.7413
14663, 1195200, 125.9517, 213.8118
14669, 1196160, 125.9898, 213.6532
14674, 1197120, 126.0202, 213.2717
14680, 1198080, 126.054, 214.6882
14687, 1199040, 126.0841, 213.4302
14693, 1200000, 126.1225, 213.1584
14698, 1200960, 126.1537, 213.0015
14704, 1201920, 126.1867, 212.5485
14711, 1202880, 126.2143, 209.8501
14717, 1203840, 126.2518, 211.6221
14723, 1204800, 126.2836, 210.6026
14728, 1205760, 126.3144, 210.2951
14734, 1206720, 126.3508, 211.5123
14740, 1207680, 126.3888, 211.3219
14745, 1208640, 126.4206, 211.2687
14751, 1209600, 126.4585, 211.8787
14756, 1210560, 126.4896, 211.8528
14763, 1211520, 126.5221, 210.1603
14769, 1212480, 126.5534, 209.2243
14775, 1213440, 126.5863, 208.6751
14780, 1214400, 126.6178, 209.3916
14786, 1215360, 126.6546, 209.9898
14791, 1216320, 126.6848, 211.1794
14797, 1217280, 126.724, 211.4447
14802, 1218240, 126.7547, 211.3468
14808, 1219200, 126.7906, 213.5427
14813, 1220160, 126.8202, 214.1434
14819, 1221120, 126.8561, 214.6939
14824, 1222080, 126.8882, 214.9868
14830, 1223040, 126.9255, 215.1092
14836, 1224000, 126.9566, 214.2529
14842, 1224960, 126.9884, 213.3787
14847, 1225920, 127.0195, 213.4502
14853, 1226880, 127.0517, 212.6514
14860, 1227840, 127.0815, 210.9371
14865, 1228800, 127.112, 213.1887
14871, 1229760, 127.1488, 213.2371
14876, 1230720, 127.1806, 214.0205
14882, 1231680, 127.2148, 213.6261
14887, 1232640, 127.2451, 213.6672
14893, 1233600, 127.2758, 212.8034
14899, 1234560, 127.3123, 212.5403
14904, 1235520, 127.3444, 212.8104
14909, 1236480, 127.3757, 213.0939
14915, 1237440, 127.4081, 212.7439
14920, 1238400, 127.44, 212.9936
14926, 1239360, 127.4781, 213.0577
14931, 1240320, 127.5102, 213.3023
14936, 1241280, 127.5427, 214.4968
14942, 1242240, 127.5805, 215.4623
14948, 1243200, 127.6134, 214.8906
14953, 1244160, 127.6374, 214.6348
14959, 1245120, 127.6751, 214.666
14964, 1246080, 127.7084, 217.2399
14971, 1247040, 127.7413, 215.8552
14976, 1248000, 127.7694, 215.363
14982, 1248960, 127.8078, 216.0575
14988, 1249920, 127.8425, 215.9891
14993, 1250880, 127.8751, 217.129
14998, 1251840, 127.9069, 217.4023
15005, 1252800, 127.9318, 214.4773
15011, 1253760, 127.9699, 214.8405
15017, 1254720, 128.0017, 214.6204
15023, 1255680, 128.0269, 212.6619
15028, 1256640, 128.0594, 212.9291
15034, 1257600, 128.0913, 212.0219
15040, 1258560, 128.1309, 212.305
15045, 1259520, 128.1643, 213.4955
15050, 1260480, 128.1975, 214.6133
15056, 1261440, 128.2346, 214.8034
15061, 1262400, 128.2673, 214.8735
15066, 1263360, 128.2998, 214.8912
15072, 1264320, 128.3368, 216.5032
15077, 1265280, 128.3682, 216.9714
15082, 1266240, 128.3998, 217.0912
15088, 1267200, 128.4384, 217.7554
15093, 1268160, 128.4689, 217.5042
15099, 1269120, 128.5064, 217.4023
15104, 1270080, 128.5372, 220.3444
15109, 1271040, 128.5701, 220.6103
15115, 1272000, 128.6075, 220.5239
15120, 1272960, 128.6381, 222.2785
15125, 1273920, 128.6685, 223.07
15131, 1274880, 128.7073, 223.2999
15136, 1275840, 128.7333, 223.2446
15142, 1276800, 128.7715, 223.1513
15147, 1277760, 128.8037, 222.9958
15153, 1278720, 128.829, 221.0699
15159, 1279680, 128.8663, 220.9418
15164, 1280640, 128.8986, 221.0725
15169, 1281600, 128.9303, 221.1279
15175, 1282560, 128.9665, 221.029
15180, 1283520, 128.998, 221.1832
15185, 1284480, 129.0302, 221.1717
15191, 1285440, 129.0674, 221.3023
15196, 1286400, 129.0997, 221.5213
15202, 1287360, 129.127, 220.0038
15208, 1288320, 129.1584, 218.956
15214, 1289280, 129.1965, 219.143
15219, 1290240, 129.2279, 219.3459
15225, 1291200, 129.2655, 219.5622
15231, 1292160, 129.2893, 217.357
15237, 1293120, 129.3269, 218.2021
15242, 1294080, 129.3584, 218.2266
15247, 1295040, 129.3894, 218.1047
15253, 1296000, 129.4266, 219.9839
15258, 1296960, 129.4568, 219.9672
15264, 1297920, 129.493, 219.6341
15270, 1298880, 129.522, 218.3758
15275, 1299840, 129.5536, 218.6393
15281, 1300800, 129.584, 217.5825
15287, 1301760, 129.6197, 217.3019
15292, 1302720, 129.6504, 217.2841
15297, 1303680, 129.6807, 216.9764
15303, 1304640, 129.718, 218.535
15308, 1305600, 129.7489, 219.5555
15315, 1306560, 129.7802, 217.6465
15320, 1307520, 129.8097, 217.4036
15326, 1308480, 129.8476, 217.5377
15331, 1309440, 129.8738, 218.9016
15339, 1310400, 129.8926, 214.1598
15345, 1311360, 129.9304, 214.2993
15351, 1312320, 129.9616, 213.4263
15356, 1313280, 129.9879, 212.9666
15362, 1314240, 130.0246, 213.0149
15367, 1315200, 130.0515, 213.3734
15373, 1316160, 130.0838, 212.8948
15379, 1317120, 130.1165, 213.3402
15384, 1318080, 130.1487, 213.7242
15389, 1319040, 130.1805, 214.0505
15396, 1320000, 130.2122, 212.517
15401, 1320960, 130.2429, 212.5218
15406, 1321920, 130.2746, 212.5096
15411, 1322880, 130.306, 212.56
15417, 1323840, 130.3427, 214.6279
15422, 1324800, 130.3748, 214.9518
15427, 1325760, 130.4061, 215.9525
15433, 1326720, 130.4322, 214.0428
15439, 1327680, 130.469, 218.8816
15444, 1328640, 130.4988, 218.6249
15450, 1329600, 130.5281, 217.579
15455, 1330560, 130.5571, 218.9231
15460, 1331520, 130.5872, 219.073
15465, 1332480, 130.6184, 219.7597
15471, 1333440, 130.6532, 220.0817
15476, 1334400, 130.6835, 220.7909
15481, 1335360, 130.7144, 220.6544
15486, 1336320, 130.7457, 220.7221
15493, 1337280, 130.7758, 219.4609
15499, 1338240, 130.7947, 217.6571
15504, 1339200, 130.8266, 217.827
15510, 1340160, 130.865, 218.023
15515, 1341120, 130.8955, 217.9862
15520, 1342080, 130.922, 217.3721
15526, 1343040, 130.9598, 217.2872
15531, 1344000, 130.9919, 217.8651
15537, 1344960, 131.0216, 218.1861
15542, 1345920, 131.0536, 218.7011
15548, 1346880, 131.0814, 217.4387
15554, 1347840, 131.1098, 217.4949
15559, 1348800, 131.1417, 217.784
15564, 1349760, 131.1733, 217.946
15570, 1350720, 131.1982, 216.2498
15576, 1351680, 131.2259, 215.1696
15581, 1352640, 131.2576, 215.3535
15586, 1353600, 131.2895, 215.5167
15591, 1354560, 131.321, 217.7828
15596, 1355520, 131.3541, 218.051
15601, 1356480, 131.3862, 221.0996
15606, 1357440, 131.4172, 220.985
15611, 1358400, 131.4487, 221.0579
15616, 1359360, 131.4801, 221.1865
15622, 1360320, 131.5108, 220.8636
15627, 1361280, 131.5422, 220.9273
15632, 1362240, 131.5661, 219.7729
15638, 1363200, 131.603, 220.8876
15643, 1364160, 131.6345, 220.9029
15648, 1365120, 131.6639, 222.2385
15653, 1366080, 131.6951, 223.7403
15658, 1367040, 131.7285, 224.0591
15663, 1368000, 131.7599, 223.9822
15669, 1368960, 131.7922, 225.2632
15674, 1369920, 131.8258, 227.2468
15679, 1370880, 131.8585, 227.4611
15685, 1371840, 131.8829, 225.3926
15690, 1372800, 131.9143, 225.3598
15695, 1373760, 131.9461, 225.2498
15701, 1374720, 131.9792, 224.4959
15706, 1375680, 132.0072, 224.087
15711, 1376640, 132.0388, 224.1648
15717, 1377600, 132.0728, 223.6243
15722, 1378560, 132.1044, 224.8388
15728, 1379520, 132.1232, 221.9893
15733, 1380480, 132.1542, 223.0752
15738, 1381440, 132.1882, 223.7065
15743, 1382400, 132.2219, 224.1064
15749, 1383360, 132.2457, 222.2452
15754, 1384320, 132.2724, 221.6755
15759, 1385280, 132.3045, 221.4334
15764, 1386240, 132.3364, 221.6777
15769, 1387200, 132.3699, 222.8842
15775, 1388160, 132.3995, 221.4048
15780, 1389120, 132.4333, 221.4543
15785, 1390080, 132.4658, 223.8919
15791, 1391040, 132.4859, 221.1388
15797, 1392000, 132.518, 220.1609
15802, 1392960, 132.5459, 220.4914
15807, 1393920, 132.5759, 220.8825
15813, 1394880, 132.5999, 218.7256
15818, 1395840, 132.6269, 218.6784
15825, 1396800, 132.647, 214.8164
15830, 1397760, 132.6787, 218.0339
15835, 1398720, 132.7098, 217.9804
15840, 1399680, 132.7421, 217.7647
15845, 1400640, 132.7723, 219.7159
15850, 1401600, 132.8058, 221.0291
15854, 1402560, 132.832, 221.0022
15859, 1403520, 132.8637, 221.0
15864, 1404480, 132.8967, 221.2226
15870, 1405440, 132.9283, 219.9144
15876, 1406400, 132.9574, 219.8771
15881, 1407360, 132.9895, 219.8254
15887, 1408320, 133.0101, 217.8142
15892, 1409280, 133.0417, 219.7833
15897, 1410240, 133.0739, 220.878
15902, 1411200, 133.106, 221.6121
15907, 1412160, 133.1381, 222.0117
15912, 1413120, 133.1701, 224.3088
15917, 1414080, 133.1966, 223.5474
15922, 1415040, 133.2287, 224.5325
15927, 1416000, 133.2554, 227.4513
15932, 1416960, 133.2892, 228.0844
15938, 1417920, 133.3194, 226.8466
15942, 1418880, 133.3463, 227.2399
15947, 1419840, 133.3805, 227.6112
15953, 1420800, 133.4095, 226.0256
15958, 1421760, 133.4429, 226.3735
15962, 1422720, 133.4689, 226.1906
15967, 1423680, 133.5011, 227.5004
15972, 1424640, 133.535, 227.6891
15977, 1425600, 133.5677, 229.3865
15982, 1426560, 133.5995, 229.7146
15986, 1427520, 133.6261, 232.5426
15991, 1428480, 133.6582, 232.7342
15996, 1429440, 133.6917, 232.9233
16002, 1430400, 133.7207, 231.4699
16007, 1431360, 133.7516, 231.3388
16011, 1432320, 133.7792, 231.7703
16016, 1433280, 133.8131, 231.995
16021, 1434240, 133.8463, 233.1889
16027, 1435200, 133.877, 232.8773
16032, 1436160, 133.9087, 232.6092
16037, 1437120, 133.9352, 233.0919
16042, 1438080, 133.9687, 233.1885
16047, 1439040, 134.0017, 233.0557
16051, 1440000, 134.0298, 233.5207
16056, 1440960, 134.0642, 235.2152
16060, 1441920, 134.0927, 235.5719
16065, 1442880, 134.128, 236.4354
16070, 1443840, 134.1617, 236.4457
16074, 1444800, 134.1894, 236.5351
16078, 1445760, 134.217, 236.966
16083, 1446720, 134.2516, 237.3869
16088, 1447680, 134.2791, 236.5474
16092, 1448640, 134.3073, 237.123
16098, 1449600, 134.342, 236.2565
16102, 1450560, 134.369, 238.1132
16107, 1451520, 134.4021, 238.53
16112, 1452480, 134.4352, 238.4571
16117, 1453440, 134.4625, 237.3495
16122, 1454400, 134.4954, 237.4705
16127, 1455360, 134.522, 237.9109
16132, 1456320, 134.5456, 236.6514
16138, 1457280, 134.5689, 235.0735
16142, 1458240, 134.597, 235.3958
16147, 1459200, 134.6292, 235.324
16151, 1460160, 134.6552, 235.0358
16155, 1461120, 134.692, 236.5722
16158, 1462080, 134.7113, 236.2905
16163, 1463040, 134.7549, 237.7073
16166, 1464000, 134.7832, 238.9327
16169, 1464960, 134.814, 240.698
16172, 1465920, 134.8456, 242.564
16177, 1466880, 134.8774, 242.1902
16180, 1467840, 134.8975, 242.0974
16186, 1468800, 134.9279, 241.6172
16191, 1469760, 134.9635, 241.7182
16196, 1470720, 134.9872, 240.1088
16201, 1471680, 135.0069, 238.838
16205, 1472640, 135.035, 239.0193
16209, 1473600, 135.0654, 239.8694
16211, 1474560, 135.0884, 241.3333
16213, 1475520, 135.123, 244.7315
16216, 1476480, 135.1603, 247.6433
16219, 1477440, 135.1917, 250.7485
16222, 1478400, 135.2195, 251.9514
16224, 1479360, 135.243, 254.7049
16227, 1480320, 135.2807, 257.6255
16229, 1481280, 135.3125, 260.5261
16232, 1482240, 135.3496, 265.0443
16234, 1483200, 135.38, 267.9324
16237, 1484160, 135.4104, 269.9161
16239, 1485120, 135.4432, 275.3225
16241, 1486080, 135.4656, 276.8229
16243, 1487040, 135.4969, 279.748
16245, 1488000, 135.5225, 281.7814
16247, 1488960, 135.5545, 284.9667
16249, 1489920, 135.5867, 288.1411
16252, 1490880, 135.6178, 290.0658
16254, 1491840, 135.6517, 293.3915
16256, 1492800, 135.6836, 294.8656
16259, 1493760, 135.7194, 295.9729
16261, 1494720, 135.7411, 297.3568
16264, 1495680, 135.7791, 298.9777
16266, 1496640, 135.8111, 301.9806
16268, 1497600, 135.8416, 304.7103
16270, 1498560, 135.8737, 306.08
16273, 1499520, 135.9037, 306.018
16275, 1500480, 135.9353, 309.108
16277, 1501440, 135.9662, 312.0945
16279, 1502400, 135.9965, 314.8208
16281, 1503360, 136.0308, 316.7836
16283, 1504320, 136.0639, 321.5537
16285, 1505280, 136.0964, 324.7663
16287, 1506240, 136.1305, 329.4822
16289, 1507200, 136.163, 332.5502
16291, 1508160, 136.1966, 335.8553
16293, 1509120, 136.2302, 340.813
16296, 1510080, 136.269, 343.8553
16298, 1511040, 136.3023, 348.5893
16300, 1512000, 136.3356, 352.7618
16302, 1512960, 136.3675, 355.6498
16304, 1513920, 136.3979, 358.4268
16306, 1514880, 136.4302, 361.475
16308, 1515840, 136.4617, 362.8295
16310, 1516800, 136.4963, 367.2933
16312, 1517760, 136.5257, 366.5581
16314, 1518720, 136.5559, 366.6733
16316, 1519680, 136.5719, 365.4819
16318, 1520640, 136.5992, 365.9592
16320, 1521600, 136.6298, 368.8135
16322, 1522560, 136.6601, 370.3652
16324, 1523520, 136.6881, 371.1395
16326, 1524480, 136.7197, 372.6576
16328, 1525440, 136.7515, 372.826
16330, 1526400, 136.7845, 373.4041
16332, 1527360, 136.8145, 374.5999
16334, 1528320, 136.8463, 374.8957
16336, 1529280, 136.8761, 377.3999
16339, 1530240, 136.9139, 375.7347
16341, 1531200, 136.9445, 377.1342
16343, 1532160, 136.9747, 377.0146
16346, 1533120, 137.0086, 375.9323
16348, 1534080, 137.0389, 375.521
16351, 1535040, 137.0729, 373.4903
16353, 1536000, 137.1044, 375.9212
16355, 1536960, 137.138, 375.9631
16357, 1537920, 137.1541, 373.7581
16359, 1538880, 137.1867, 375.7668
16361, 1539840, 137.2167, 377.1655
16363, 1540800, 137.2493, 377.5775
16365, 1541760, 137.2828, 379.0925
16367, 1542720, 137.3159, 379.5111
16369, 1543680, 137.3467, 379.607
16371, 1544640, 137.3792, 381.1896
16373, 1545600, 137.4112, 382.7285
16375, 1546560, 137.4433, 382.8715
16377, 1547520, 137.4748, 383.0239
16379, 1548480, 137.5048, 383.0485
16381, 1549440, 137.5363, 382.6476
16383, 1550400, 137.5685, 382.5739
16385, 1551360, 137.6005, 382.5411
16387, 1552320, 137.6332, 382.3858
16389, 1553280, 137.6673, 382.697
16392, 1554240, 137.7067, 381.0991
16394, 1555200, 137.7407, 381.308
16396, 1556160, 137.7626, 381.158
16398, 1557120, 137.7957, 381.1855
16400, 1558080, 137.8299, 381.4004
16402, 1559040, 137.8615, 381.4105
16404, 1560000, 137.8943, 381.8692
16406, 1560960, 137.9278, 382.1184
16410, 1561920, 137.9611, 376.8722
16412, 1562880, 137.995, 377.6694
16414, 1563840, 138.0281, 378.2047
16417, 1564800, 138.0585, 378.3809
16419, 1565760, 138.087, 378.4768
16422, 1566720, 138.1165, 375.823
16424, 1567680, 138.1477, 376.4177
16426, 1568640, 138.1806, 376.6896
16428, 1569600, 138.1985, 374.4683
16432, 1570560, 138.2391, 370.9003
16434, 1571520, 138.2606, 369.2626
16436, 1572480, 138.2928, 369.7181
16438, 1573440, 138.3257, 370.0812
