episode,total_steps,episode_reward,episode_length
1,0,-5.6390237479956555,1
2,0,10.0,1
3,0,10.0,1
4,4,0.7204458210074552,1
5,4,0.7207496581803039,1
6,8,10.0,1
7,8,-1.3363209933451021,1
8,12,1.0518506767638875,1
9,12,0.10304455813745324,1
10,16,-3.7186033504462643,1
11,16,7.192755832238693,1
12,20,2.9740603083167945,1
13,20,-6.97250625008678,1
14,24,-5.625774713573381,1
15,24,1.3974158511963133,1
16,28,10.0,1
17,28,-0.4612759517874305,1
18,32,0.7184065737841548,1
19,32,10.0,1
20,36,-1.2198103261450297,1
21,36,-1.1061958967164491,1
22,40,1.0326831354210748,1
23,40,10.0,1
24,44,10.0,1
25,44,-1.0284076226128906,1
26,48,0.006982374062180199,1
27,48,10.0,1
28,52,-0.806574687639121,1
29,52,1.303188593788186,1
30,56,1.0543573848634684,1
31,56,0.22383703553566098,1
32,60,-2.0726511245728294,1
33,60,-2.325386675440865,1
34,64,2.0015918719503296,1
35,64,-1.0523759800666583,1
36,68,-0.8359792922593798,1
37,68,0.261244958529919,1
38,72,-1.212376918123258,1
39,72,2.0553149546128604,1
40,76,2.879467921371504,1
41,76,-0.5642419499343696,1
42,80,10.0,1
43,80,-1.4650128935268973,1
44,84,0.0,1
45,84,10.0,1
46,88,0.0,1
47,88,0.0,1
48,92,0.0,1
49,92,0.0,1
50,96,0.0,1
51,96,0.0,1
52,100,0.0,1
53,100,0.0,1
54,104,0.0,1
55,104,0.0,1
56,108,0.0,1
57,108,0.0,1
58,112,0.0,1
59,112,0.0,1
60,112,0.46376894993006157,29
61,116,0.0,1
62,116,0.0,1
63,120,0.0,1
64,120,0.0,1
65,124,0.0,1
66,124,0.0,1
67,128,0.0,1
68,128,0.0,1
69,132,3.7718907026191686,33
70,132,0.0,1
71,132,0.0,1
72,136,0.0,1
73,136,0.0,1
74,140,0.0,1
75,140,0.0,1
76,144,0.0,1
77,144,0.0,1
78,148,0.0,1
79,148,0.0,1
80,152,0.0,1
81,152,0.0,1
82,156,0.0,1
83,156,0.0,1
84,160,0.0,1
85,160,0.0,1
86,164,0.0,1
87,164,0.0,1
88,168,0.0,1
89,168,0.0,1
90,172,0.0,1
91,172,0.0,1
92,176,0.0,1
93,176,0.0,1
94,180,0.0,1
95,180,0.0,1
96,184,0.0,1
97,184,0.0,1
98,188,0.0,1
99,188,0.0,1
100,192,0.0,1
101,192,0.0,1
102,196,0.0,1
103,196,0.0,1
104,200,0.0,1
105,200,0.0,1
106,204,0.0,1
107,204,0.0,1
108,208,0.0,1
109,208,0.0,1
110,212,0.0,1
111,212,0.0,1
112,216,0.0,1
113,216,0.0,1
114,220,0.0,1
115,220,0.0,1
116,224,0.0,1
117,224,0.0,1
118,228,0.0,1
119,228,0.0,1
120,232,0.0,1
121,232,0.0,1
122,236,0.0,1
123,236,0.0,1
124,240,0.0,1
125,240,0.0,1
126,244,0.0,1
127,244,0.0,1
128,248,0.0,1
129,248,0.0,1
130,252,0.0,1
131,252,0.0,1
132,256,0.0,1
133,256,0.0,1
134,260,0.0,1
135,260,0.0,1
136,264,0.0,1
137,264,0.0,1
138,268,0.0,1
139,268,0.0,1
140,272,0.0,1
141,272,0.0,1
142,276,0.0,1
143,276,0.0,1
144,280,0.0,1
145,280,0.0,1
146,284,0.0,1
147,284,0.0,1
148,288,0.0,1
149,288,0.0,1
150,292,-0.4063469239576528,40
151,292,0.0,1
152,292,0.0,1
153,296,0.0,1
154,296,0.0,1
155,300,0.0,1
156,300,0.0,1
157,304,0.0,1
158,304,0.0,1
159,308,0.0,1
160,308,0.0,1
161,312,0.0,1
162,312,0.0,1
163,312,8.495605794587428,50
164,316,0.0,1
165,316,0.0,1
166,316,0.07881254066840486,1
167,320,0.0,1
168,320,0.0,1
169,324,0.0,1
170,324,0.0,1
171,328,0.0,1
172,328,0.0,1
173,332,0.0,1
174,332,0.0,1
175,336,0.0,1
176,336,0.0,1
177,340,0.0,1
178,340,0.0,1
179,344,0.0,1
180,344,0.0,1
181,348,0.0,1
182,348,0.0,1
183,352,0.0,1
184,352,0.0,1
185,356,0.0,1
186,356,0.0,1
187,360,0.0,1
188,360,0.0,1
189,364,0.0,1
190,364,0.0,1
191,368,0.0,1
192,368,0.0,1
193,372,0.0,1
194,372,0.0,1
195,376,0.0,1
196,376,0.0,1
197,380,0.0,1
198,380,0.0,1
199,384,0.0,1
200,384,0.0,1
201,388,0.0,1
202,388,0.0,1
203,392,0.0,1
204,392,0.0,1
205,396,0.0,1
206,396,0.0,1
207,400,0.0,1
208,400,0.0,1
209,404,0.0,1
210,404,0.0,1
211,408,0.0,1
212,408,0.0,1
213,412,0.0,1
214,412,0.0,1
215,416,0.0,1
216,416,0.0,1
217,420,0.0,1
218,420,0.0,1
219,424,0.0,1
220,424,0.0,1
221,428,0.0,1
222,428,0.0,1
223,432,0.0,1
224,432,0.0,1
225,436,0.0,1
226,436,0.0,1
227,440,0.0,1
228,440,0.0,1
229,444,0.0,1
230,444,0.0,1
231,448,0.0,1
232,448,0.0,1
233,452,0.0,1
234,452,0.0,1
235,456,0.0,1
236,456,0.0,1
237,460,0.0,1
238,460,0.0,1
239,464,0.0,1
240,464,0.0,1
241,468,0.0,1
242,468,0.0,1
243,472,0.0,1
244,472,0.0,1
245,476,0.0,1
246,476,0.0,1
247,480,0.0,1
248,480,0.0,1
249,484,0.0,1
250,484,0.0,1
251,488,0.0,1
252,488,0.0,1
253,492,0.0,1
254,492,0.0,1
255,496,0.0,1
256,496,0.0,1
257,500,0.0,1
258,500,0.0,1
259,504,0.0,1
260,504,0.0,1
261,508,0.0,1
262,508,0.0,1
263,512,0.0,1
264,512,0.0,1
265,516,0.0,1
266,516,0.0,1
267,520,0.0,1
268,520,0.0,1
269,520,9.28505163355839,51
270,524,0.0,1
271,524,0.0,1
272,528,0.0,1
273,528,0.0,1
274,532,0.0,1
275,532,0.0,1
276,536,0.0,1
277,536,0.0,1
278,540,0.0,1
279,540,0.0,1
280,544,0.0,1
281,544,0.0,1
282,548,0.0,1
283,548,0.0,1
284,552,0.0,1
285,552,0.0,1
286,556,10.114194080809936,66
287,556,0.0,1
288,556,0.0,1
289,560,0.0,1
290,560,0.0,1
291,564,0.0,1
292,564,0.0,1
293,568,0.0,1
294,568,0.0,1
295,572,0.0,1
296,572,0.0,1
297,576,0.0,1
298,576,0.0,1
299,580,0.0,1
300,580,0.0,1
301,584,0.0,1
302,584,0.0,1
303,588,0.0,1
304,588,0.0,1
305,592,0.0,1
306,592,0.0,1
307,596,0.0,1
308,596,0.0,1
309,600,0.0,1
310,600,0.0,1
311,604,0.0,1
312,604,0.0,1
313,608,0.0,1
314,608,0.0,1
315,612,0.0,1
316,612,0.0,1
317,616,0.0,1
318,616,0.0,1
319,620,0.0,1
320,620,0.0,1
321,624,0.0,1
322,624,0.0,1
323,628,0.0,1
324,628,0.0,1
325,632,0.0,1
326,632,0.0,1
327,636,0.0,1
328,636,0.0,1
329,640,0.0,1
330,640,0.0,1
331,644,0.0,1
332,644,0.0,1
333,644,-0.046953198803714395,31
334,648,0.0,1
335,648,0.0,1
336,652,0.40526405137827504,24
337,652,0.0,1
338,652,0.0,1
339,656,-1.9776092464044202,1
340,656,0.0,1
341,656,0.0,1
342,660,0.0,1
343,660,0.0,1
344,664,0.0,1
345,664,0.0,1
346,668,0.0,1
347,668,0.0,1
348,672,0.0,1
349,672,0.0,1
350,676,0.0,1
351,676,0.0,1
352,680,0.0,1
353,680,0.0,1
354,684,0.0,1
355,684,0.0,1
356,688,0.0,1
357,688,0.0,1
358,692,0.0,1
359,692,0.0,1
360,696,0.0,1
361,696,0.0,1
362,700,0.0,1
363,700,0.0,1
364,704,0.0,1
365,704,0.0,1
366,708,0.0,1
367,708,0.0,1
368,712,0.0,1
369,712,0.0,1
370,716,0.0,1
371,716,0.0,1
372,720,0.0,1
373,720,0.0,1
374,724,0.0,1
375,724,0.0,1
376,728,0.0,1
377,728,0.0,1
378,732,0.0,1
379,732,0.0,1
380,732,0.533256349069296,22
381,736,0.0,1
382,736,0.0,1
383,740,0.0,1
384,740,0.0,1
385,744,0.0,1
386,744,0.0,1
387,748,0.0,1
388,748,0.0,1
389,752,0.0,1
390,752,0.0,1
391,756,0.0,1
392,756,0.0,1
393,760,0.0,1
394,760,0.0,1
395,764,0.0,1
396,764,0.0,1
397,768,0.0,1
398,768,0.0,1
399,772,0.0,1
400,772,0.0,1
401,776,0.0,1
402,776,0.0,1
403,780,0.0,1
404,780,0.0,1
405,784,0.0,1
406,784,0.0,1
407,788,0.0,1
408,788,0.0,1
409,792,0.0,1
410,792,0.0,1
411,796,0.0,1
412,796,0.0,1
413,800,0.0,1
414,800,0.0,1
415,804,0.0,1
416,804,0.0,1
417,808,0.0,1
418,808,0.0,1
419,812,0.0,1
420,812,0.0,1
421,816,0.0,1
422,816,0.0,1
423,820,0.0,1
424,820,0.0,1
425,824,0.0,1
426,824,0.0,1
427,828,0.0,1
428,828,0.0,1
429,832,0.0,1
430,832,0.0,1
431,836,0.0,1
432,836,0.0,1
433,840,0.0,1
434,840,0.0,1
435,844,0.0,1
436,844,0.0,1
437,848,0.0,1
438,848,0.0,1
439,852,0.0,1
440,852,0.0,1
441,852,9.90074492717108,30
442,856,10.112054724446626,50
443,856,0.0,1
444,856,0.0,1
445,856,10.0,1
446,860,0.0,1
447,860,0.0,1
448,864,0.0,1
449,864,0.0,1
450,868,0.0,1
451,868,0.0,1
452,872,0.0,1
453,872,0.0,1
454,876,0.0,1
455,876,0.0,1
456,880,0.0,1
457,880,0.0,1
458,884,0.0,1
459,884,0.0,1
460,888,0.0,1
461,888,0.0,1
462,892,0.0,1
463,892,0.0,1
464,896,0.0,1
465,896,0.0,1
466,900,0.0,1
467,900,0.0,1
468,904,0.0,1
469,904,0.0,1
470,908,0.0,1
471,908,0.0,1
472,912,0.0,1
473,912,0.0,1
474,916,0.0,1
475,916,0.0,1
476,920,0.0,1
477,920,0.0,1
478,924,0.0,1
479,924,0.0,1
480,928,0.0,1
481,928,0.0,1
482,932,0.0,1
483,932,0.0,1
484,936,0.0,1
485,936,0.0,1
486,940,0.0,1
487,940,0.0,1
488,944,0.0,1
489,944,0.0,1
490,948,0.0,1
491,948,0.0,1
492,952,0.0,1
493,952,0.0,1
494,956,0.0,1
495,956,0.0,1
496,960,0.0,1
497,960,0.0,1
498,964,0.0,1
499,964,0.0,1
500,968,0.0,1
501,968,0.0,1
502,972,0.0,1
503,972,0.0,1
504,976,0.0,1
505,976,0.0,1
506,980,0.0,1
507,980,0.0,1
508,984,0.0,1
509,984,0.0,1
510,988,0.0,1
511,988,0.0,1
512,992,-0.6684717850339819,34
513,992,0.0,1
514,992,0.0,1
515,996,0.0,1
516,996,0.0,1
517,1000,0.0,1
518,1000,0.0,1
519,1004,0.0,1
520,1004,0.0,1
521,1008,0.0,1
522,1008,0.0,1
523,1012,0.0,1
524,1012,0.0,1
525,1016,0.0,1
526,1016,0.0,1
527,1020,0.0,1
528,1020,0.0,1
529,1024,0.0,1
530,1024,0.0,1
531,1028,0.0,1
532,1028,0.0,1
533,1032,0.0,1
534,1032,0.0,1
535,1036,0.0,1
536,1036,0.0,1
537,1040,0.0,1
538,1040,0.0,1
539,1044,0.0,1
540,1044,0.0,1
541,1048,0.0,1
542,1048,0.0,1
543,1052,0.0,1
544,1052,0.0,1
545,1056,0.0,1
546,1056,0.0,1
547,1060,0.0,1
548,1060,0.0,1
549,1064,0.0,1
550,1064,0.0,1
551,1068,0.0,1
552,1068,0.0,1
553,1072,0.0,1
554,1072,0.0,1
555,1076,0.0,1
556,1076,0.0,1
557,1080,0.0,1
558,1080,0.0,1
559,1084,0.0,1
560,1084,0.0,1
561,1084,-4.425054818280978,57
562,1088,0.0,1
563,1088,0.0,1
564,1088,10.0,1
565,1092,0.0,1
566,1092,0.0,1
567,1092,0.0,1
568,1096,0.0,1
569,1096,0.0,1
570,1096,0.0,1
571,1100,0.0,1
572,1100,0.0,1
573,1100,0.0,1
574,1104,0.0,1
575,1104,0.0,1
576,1104,0.0,1
577,1108,0.0,1
578,1108,0.0,1
579,1108,0.0,1
580,1112,0.0,1
581,1112,0.0,1
582,1112,0.0,1
583,1116,0.0,1
584,1116,0.0,1
585,1116,0.0,1
586,1120,0.0,1
587,1120,0.0,1
588,1120,0.0,1
589,1124,10.389995337394708,33
590,1124,0.0,1
591,1124,0.0,1
592,1124,0.0,1
593,1128,0.0,1
594,1128,0.0,1
595,1128,0.0,1
596,1132,0.0,1
597,1132,0.0,1
598,1132,0.0,1
599,1136,0.0,1
600,1136,0.0,1
601,1136,0.0,1
602,1140,0.0,1
603,1140,0.0,1
604,1140,0.0,1
605,1144,0.0,1
606,1144,0.0,1
607,1144,0.0,1
608,1148,0.0,1
609,1148,0.0,1
610,1148,0.0,1
611,1152,0.0,1
612,1152,0.0,1
613,1152,0.0,1
614,1156,0.0,1
615,1156,0.0,1
616,1156,0.0,1
617,1160,0.0,1
618,1160,0.0,1
619,1160,0.0,1
620,1164,0.0,1
621,1164,0.0,1
622,1164,0.0,1
623,1168,0.0,1
624,1168,0.0,1
625,1168,0.0,1
626,1172,0.0,1
627,1172,0.0,1
628,1172,0.0,1
629,1176,0.0,1
630,1176,0.0,1
631,1176,0.0,1
632,1180,0.0,1
633,1180,0.0,1
634,1180,0.0,1
635,1184,0.0,1
636,1184,0.0,1
637,1184,0.0,1
638,1188,0.0,1
639,1188,0.0,1
640,1188,0.0,1
641,1192,0.0,1
642,1192,0.0,1
643,1192,0.0,1
644,1196,0.0,1
645,1196,0.0,1
646,1196,0.0,1
647,1200,0.0,1
648,1200,0.0,1
649,1200,0.0,1
650,1204,0.0,1
651,1204,0.0,1
652,1204,0.0,1
653,1208,0.0,1
654,1208,0.0,1
655,1208,0.0,1
656,1212,0.0,1
657,1212,0.0,1
658,1212,0.0,1
659,1216,0.0,1
660,1216,0.0,1
661,1216,0.0,1
662,1220,0.0,1
663,1220,0.0,1
664,1220,0.0,1
665,1224,0.0,1
666,1224,0.0,1
667,1224,0.0,1
668,1228,0.0,1
669,1228,0.0,1
670,1228,0.0,1
671,1232,0.0,1
672,1232,0.0,1
673,1232,0.0,1
674,1236,-0.33834587932455296,28
675,1236,0.0,1
676,1236,0.0,1
677,1236,0.0,1
678,1240,0.0,1
679,1240,0.0,1
680,1240,0.0,1
681,1244,0.0,1
682,1244,0.0,1
683,1244,0.0,1
684,1248,0.0,1
685,1248,0.0,1
686,1248,0.0,1
687,1252,0.0,1
688,1252,0.0,1
689,1252,0.0,1
690,1256,0.0,1
691,1256,0.0,1
692,1256,0.0,1
693,1260,0.0,1
694,1260,0.0,1
695,1260,0.0,1
696,1264,0.0,1
697,1264,0.0,1
698,1264,0.0,1
699,1268,0.0,1
700,1268,0.0,1
701,1268,0.0,1
702,1272,0.0,1
703,1272,0.0,1
704,1272,0.0,1
705,1276,0.0,1
706,1276,0.0,1
707,1276,0.0,1
708,1280,0.0,1
709,1280,0.0,1
710,1280,0.0,1
711,1284,0.0,1
712,1284,0.0,1
713,1284,0.0,1
714,1288,0.0,1
715,1288,0.0,1
716,1288,0.0,1
717,1292,0.0,1
718,1292,0.0,1
719,1292,0.0,1
720,1296,0.0,1
721,1296,0.0,1
722,1296,0.0,1
723,1300,0.0,1
724,1300,0.0,1
725,1300,0.0,1
726,1304,0.0,1
727,1304,0.0,1
728,1304,0.0,1
729,1308,0.0,1
730,1308,0.0,1
731,1308,0.0,1
732,1312,1.9547848063699962,19
733,1312,0.0,1
734,1312,0.0,1
735,1312,0.0,1
736,1316,0.0,1
737,1316,0.0,1
738,1316,0.0,1
739,1320,0.0,1
740,1320,0.0,1
741,1320,0.0,1
742,1324,0.0,1
743,1324,0.0,1
744,1324,0.0,1
745,1328,0.0,1
746,1328,0.0,1
747,1328,0.0,1
748,1332,0.0,1
749,1332,0.0,1
750,1332,0.0,1
751,1336,0.0,1
752,1336,0.0,1
753,1336,0.0,1
754,1340,0.0,1
755,1340,0.0,1
756,1340,0.0,1
757,1344,0.0,1
758,1344,0.0,1
759,1344,0.0,1
760,1348,0.0,1
761,1348,0.0,1
762,1348,0.0,1
763,1352,0.0,1
764,1352,0.0,1
765,1352,0.0,1
766,1356,0.0,1
767,1356,0.0,1
768,1356,0.0,1
769,1360,0.0,1
770,1360,0.0,1
771,1360,0.0,1
772,1364,0.0,1
773,1364,0.0,1
774,1364,0.0,1
775,1368,0.0,1
776,1368,0.0,1
777,1368,0.0,1
778,1372,0.0,1
779,1372,0.0,1
780,1372,0.0,1
781,1376,0.0,1
782,1376,0.0,1
783,1376,0.0,1
784,1380,0.0,1
785,1380,0.0,1
786,1380,0.0,1
787,1384,0.0,1
788,1384,0.0,1
789,1384,0.0,1
790,1388,0.0,1
791,1388,0.0,1
792,1388,0.0,1
793,1392,0.0,1
794,1392,0.0,1
795,1392,0.0,1
796,1396,0.0,1
797,1396,0.0,1
798,1396,0.0,1
799,1400,0.0,1
800,1400,0.0,1
801,1400,0.0,1
802,1404,0.0,1
803,1404,0.0,1
804,1404,0.0,1
805,1408,0.0,1
806,1408,0.0,1
807,1408,0.0,1
808,1412,0.0,1
809,1412,0.0,1
810,1412,0.0,1
811,1416,0.0,1
812,1416,0.0,1
813,1416,0.0,1
814,1420,0.0,1
815,1420,0.0,1
816,1420,0.0,1
817,1424,0.0,1
818,1424,0.0,1
819,1424,0.0,1
820,1428,0.0,1
821,1428,0.0,1
822,1428,0.0,1
823,1432,0.0,1
824,1432,0.0,1
825,1432,0.0,1
826,1436,0.0,1
827,1436,0.0,1
828,1436,0.0,1
829,1440,0.0,1
830,1440,0.0,1
831,1440,0.0,1
832,1444,0.0,1
833,1444,0.0,1
834,1444,0.0,1
835,1448,0.0,1
836,1448,0.0,1
837,1448,0.0,1
838,1452,0.0,1
839,1452,0.0,1
840,1452,0.0,1
841,1456,-1.1481289566422068,36
842,1456,0.0,1
843,1456,0.0,1
844,1456,0.0,1
845,1460,0.0,1
846,1460,0.0,1
847,1460,0.0,1
848,1464,0.0,1
849,1464,0.0,1
850,1464,0.0,1
851,1468,0.0,1
852,1468,0.0,1
853,1468,0.0,1
854,1472,0.0,1
855,1472,0.0,1
856,1472,0.0,1
857,1476,0.0,1
858,1476,0.0,1
859,1476,0.0,1
860,1480,0.0,1
861,1480,0.0,1
862,1480,0.0,1
863,1484,0.0,1
864,1484,0.0,1
865,1484,0.0,1
866,1488,0.0,1
867,1488,0.0,1
868,1488,0.0,1
869,1492,0.0,1
870,1492,0.0,1
871,1492,0.0,1
872,1496,0.0,1
873,1496,0.0,1
874,1496,0.0,1
875,1500,0.0,1
876,1500,0.0,1
877,1500,0.0,1
878,1504,0.0,1
879,1504,0.0,1
880,1504,0.0,1
881,1508,0.0,1
882,1508,0.0,1
883,1508,0.0,1
884,1512,0.0,1
885,1512,0.0,1
886,1512,0.0,1
887,1516,0.0,1
888,1516,0.0,1
889,1516,0.0,1
890,1520,0.0,1
891,1520,0.0,1
892,1520,0.0,1
893,1524,0.0,1
894,1524,0.0,1
895,1524,0.0,1
896,1528,0.0,1
897,1528,0.0,1
898,1528,0.0,1
899,1532,0.0,1
900,1532,0.0,1
901,1532,0.0,1
902,1536,0.0,1
903,1536,0.0,1
904,1536,0.0,1
905,1540,0.0,1
906,1540,0.0,1
907,1540,0.0,1
908,1544,0.0,1
909,1544,0.0,1
910,1544,0.0,1
911,1548,0.0,1
912,1548,0.0,1
913,1548,0.0,1
914,1552,0.0,1
915,1552,0.0,1
916,1552,0.0,1
917,1556,0.0,1
918,1556,0.0,1
919,1556,0.0,1
920,1560,0.0,1
921,1560,0.0,1
922,1560,0.0,1
923,1564,0.0,1
924,1564,0.0,1
925,1564,0.0,1
926,1568,0.0,1
927,1568,0.0,1
928,1568,0.0,1
929,1572,0.0,1
930,1572,0.0,1
931,1572,0.0,1
932,1576,-3.3468191736473143,30
933,1576,0.0,1
934,1576,0.0,1
935,1576,0.0,1
936,1580,0.0,1
937,1580,0.0,1
938,1580,0.0,1
939,1584,0.0,1
940,1584,0.0,1
941,1584,0.0,1
942,1588,0.0,1
943,1588,0.0,1
944,1588,0.0,1
945,1592,0.0,1
946,1592,0.0,1
947,1592,0.0,1
948,1596,0.0,1
949,1596,0.0,1
950,1596,0.0,1
951,1600,0.0,1
952,1600,0.0,1
953,1600,0.0,1
954,1604,0.0,1
955,1604,0.0,1
956,1604,0.0,1
957,1608,0.0,1
958,1608,0.0,1
959,1608,0.0,1
960,1612,0.0,1
961,1612,0.0,1
962,1612,0.0,1
963,1616,0.0,1
964,1616,0.0,1
965,1616,0.0,1
966,1620,0.0,1
967,1620,0.0,1
968,1620,0.0,1
969,1624,0.0,1
970,1624,0.0,1
971,1624,0.0,1
972,1628,0.0,1
973,1628,0.0,1
974,1628,0.0,1
975,1632,0.0,1
976,1632,0.0,1
977,1632,0.0,1
978,1636,0.0,1
979,1636,0.0,1
980,1636,0.0,1
981,1640,0.0,1
982,1640,0.0,1
983,1640,0.0,1
984,1644,0.0,1
985,1644,0.0,1
986,1644,0.0,1
987,1648,0.0,1
988,1648,0.0,1
989,1648,0.0,1
990,1652,0.0,1
991,1652,0.0,1
992,1652,0.0,1
993,1656,0.0,1
994,1656,0.0,1
995,1656,0.0,1
996,1660,0.0,1
997,1660,0.0,1
998,1660,0.0,1
999,1664,0.0,1
1000,1664,0.0,1
1001,1664,0.0,1
1002,1668,2.1415752488508852,23
1003,1668,0.0,1
1004,1668,0.0,1
1005,1668,0.0,1
1006,1672,3.2441983876369775,1
1007,1672,0.0,1
1008,1672,0.0,1
1009,1672,0.0,1
1010,1676,10.0,1
1011,1676,0.0,1
1012,1676,0.0,1
1013,1676,0.0,1
1014,1680,10.0,1
1015,1680,0.0,1
1016,1680,0.0,1
1017,1680,0.0,1
1018,1684,0.0,1
1019,1684,0.0,1
1020,1684,0.0,1
1021,1684,0.0,1
1022,1688,0.0,1
1023,1688,0.0,1
1024,1688,0.0,1
1025,1688,0.0,1
1026,1692,0.0,1
1027,1692,0.0,1
1028,1692,0.0,1
1029,1692,0.0,1
1030,1696,0.0,1
1031,1696,0.0,1
1032,1696,0.0,1
1033,1696,0.0,1
1034,1700,0.0,1
1035,1700,0.0,1
1036,1700,0.0,1
1037,1700,0.0,1
1038,1704,0.0,1
1039,1704,0.0,1
1040,1704,0.0,1
1041,1704,0.0,1
1042,1708,0.0,1
1043,1708,0.0,1
1044,1708,0.0,1
1045,1708,0.0,1
1046,1712,0.0,1
1047,1712,0.0,1
1048,1712,0.0,1
1049,1712,0.0,1
1050,1716,0.0,1
1051,1716,0.0,1
1052,1716,0.0,1
1053,1716,0.0,1
1054,1720,0.0,1
1055,1720,0.0,1
1056,1720,0.0,1
1057,1720,0.0,1
1058,1724,0.0,1
1059,1724,0.0,1
1060,1724,0.0,1
1061,1724,0.0,1
1062,1728,0.0,1
1063,1728,0.0,1
1064,1728,0.0,1
1065,1728,0.0,1
1066,1732,0.0,1
1067,1732,0.0,1
1068,1732,0.0,1
1069,1732,0.0,1
1070,1736,0.0,1
1071,1736,0.0,1
1072,1736,0.0,1
1073,1736,0.0,1
1074,1740,0.0,1
1075,1740,0.0,1
1076,1740,0.0,1
1077,1740,0.0,1
1078,1744,0.0,1
1079,1744,0.0,1
1080,1744,0.0,1
1081,1744,0.0,1
1082,1748,0.0,1
1083,1748,0.0,1
1084,1748,0.0,1
1085,1748,0.0,1
1086,1752,0.0,1
1087,1752,0.0,1
1088,1752,0.0,1
1089,1752,0.0,1
1090,1756,0.0,1
1091,1756,0.0,1
1092,1756,0.0,1
1093,1756,0.0,1
1094,1760,0.0,1
1095,1760,0.0,1
1096,1760,0.0,1
1097,1760,0.0,1
1098,1764,0.0,1
1099,1764,0.0,1
1100,1764,0.0,1
1101,1764,0.0,1
1102,1768,0.0,1
1103,1768,0.0,1
1104,1768,0.0,1
1105,1768,0.0,1
1106,1772,0.0,1
1107,1772,0.0,1
1108,1772,0.0,1
1109,1772,0.0,1
1110,1776,0.0,1
1111,1776,0.0,1
1112,1776,0.0,1
1113,1776,0.0,1
1114,1780,0.0,1
1115,1780,0.0,1
1116,1780,0.0,1
1117,1780,0.0,1
1118,1784,0.0,1
1119,1784,0.0,1
1120,1784,0.0,1
1121,1784,0.0,1
1122,1788,0.0,1
1123,1788,0.0,1
1124,1788,0.0,1
1125,1788,0.0,1
1126,1792,0.0,1
1127,1792,0.0,1
1128,1792,0.0,1
1129,1792,0.0,1
1130,1796,0.0,1
1131,1796,0.0,1
1132,1796,0.0,1
1133,1796,0.0,1
1134,1800,0.0,1
1135,1800,0.0,1
1136,1800,0.0,1
1137,1800,0.0,1
1138,1804,0.0,1
1139,1804,0.0,1
1140,1804,0.0,1
1141,1804,0.0,1
1142,1808,0.0,1
1143,1808,0.0,1
1144,1808,0.0,1
1145,1808,0.0,1
1146,1812,0.0,1
1147,1812,0.0,1
1148,1812,0.0,1
1149,1812,0.0,1
1150,1816,0.0,1
1151,1816,0.0,1
1152,1816,0.0,1
1153,1816,0.0,1
1154,1820,0.0,1
1155,1820,0.0,1
1156,1820,0.0,1
1157,1820,0.0,1
1158,1824,0.0,1
1159,1824,0.0,1
1160,1824,0.0,1
1161,1824,0.0,1
1162,1828,0.0,1
1163,1828,0.0,1
1164,1828,0.0,1
1165,1828,0.0,1
1166,1832,0.0,1
1167,1832,0.0,1
1168,1832,0.0,1
1169,1832,0.0,1
1170,1836,0.0,1
1171,1836,0.0,1
1172,1836,0.0,1
1173,1836,0.0,1
1174,1840,0.0,1
1175,1840,0.0,1
1176,1840,0.0,1
1177,1840,0.0,1
1178,1844,0.0,1
1179,1844,0.0,1
1180,1844,0.0,1
1181,1844,0.0,1
1182,1848,0.0,1
1183,1848,0.0,1
1184,1848,0.0,1
1185,1848,0.0,1
1186,1852,0.0,1
1187,1852,0.0,1
1188,1852,0.0,1
1189,1852,0.0,1
1190,1856,0.0,1
1191,1856,0.0,1
1192,1856,0.0,1
1193,1856,0.0,1
1194,1860,0.0,1
1195,1860,0.0,1
1196,1860,0.0,1
1197,1860,0.0,1
1198,1864,0.0,1
1199,1864,0.0,1
1200,1864,0.0,1
1201,1864,0.0,1
1202,1868,0.0,1
1203,1868,0.0,1
1204,1868,0.0,1
1205,1868,0.0,1
1206,1872,0.0,1
1207,1872,0.0,1
1208,1872,0.0,1
1209,1872,0.0,1
1210,1876,0.0,1
1211,1876,0.0,1
1212,1876,0.0,1
1213,1876,0.0,1
1214,1880,0.0,1
1215,1880,0.0,1
1216,1880,0.0,1
1217,1880,0.0,1
1218,1884,0.0,1
1219,1884,0.0,1
1220,1884,0.0,1
1221,1884,0.0,1
1222,1888,0.0,1
1223,1888,0.0,1
1224,1888,0.0,1
1225,1888,0.0,1
1226,1892,0.0,1
1227,1892,0.0,1
1228,1892,0.0,1
1229,1892,0.0,1
1230,1896,0.0,1
1231,1896,0.0,1
1232,1896,0.0,1
1233,1896,0.0,1
1234,1900,0.0,1
1235,1900,0.0,1
1236,1900,0.0,1
1237,1900,0.0,1
1238,1904,0.0,1
1239,1904,0.0,1
1240,1904,0.0,1
1241,1904,0.0,1
1242,1908,0.0,1
1243,1908,0.0,1
1244,1908,0.0,1
1245,1908,0.0,1
1246,1912,0.0,1
1247,1912,0.0,1
1248,1912,0.0,1
1249,1912,0.0,1
1250,1916,0.0,1
1251,1916,0.0,1
1252,1916,0.0,1
1253,1916,0.0,1
1254,1920,0.0,1
1255,1920,0.0,1
1256,1920,0.0,1
1257,1920,0.0,1
1258,1924,0.0,1
1259,1924,0.0,1
1260,1924,0.0,1
1261,1924,0.0,1
1262,1928,0.0,1
1263,1928,0.0,1
1264,1928,0.0,1
1265,1928,0.0,1
1266,1932,0.0,1
1267,1932,0.0,1
1268,1932,0.0,1
1269,1932,0.0,1
1270,1936,0.0,1
1271,1936,0.0,1
1272,1936,0.0,1
1273,1936,0.0,1
1274,1940,0.0,1
1275,1940,0.0,1
1276,1940,0.0,1
1277,1940,0.0,1
1278,1944,0.0,1
1279,1944,0.0,1
1280,1944,0.0,1
1281,1944,0.0,1
1282,1948,0.0,1
1283,1948,0.0,1
1284,1948,0.0,1
1285,1948,0.0,1
1286,1952,0.0,1
1287,1952,0.0,1
1288,1952,0.0,1
1289,1952,0.0,1
1290,1956,0.0,1
1291,1956,0.0,1
1292,1956,0.0,1
1293,1956,0.0,1
1294,1960,0.0,1
1295,1960,0.0,1
1296,1960,0.0,1
1297,1960,0.0,1
1298,1964,0.0,1
1299,1964,0.0,1
1300,1964,0.0,1
1301,1964,0.0,1
1302,1968,0.0,1
1303,1968,0.0,1
1304,1968,0.0,1
1305,1968,0.0,1
1306,1972,0.0,1
1307,1972,0.0,1
1308,1972,0.0,1
1309,1972,0.0,1
1310,1976,0.0,1
1311,1976,0.0,1
1312,1976,0.0,1
1313,1976,0.0,1
1314,1980,0.0,1
1315,1980,0.0,1
1316,1980,0.0,1
1317,1980,0.0,1
1318,1984,0.0,1
1319,1984,0.0,1
1320,1984,0.0,1
1321,1984,0.0,1
1322,1988,0.0,1
1323,1988,0.0,1
1324,1988,0.0,1
1325,1988,0.0,1
1326,1992,0.0,1
1327,1992,0.0,1
1328,1992,0.0,1
1329,1992,0.0,1
1330,1996,0.0,1
1331,1996,0.0,1
1332,1996,0.0,1
1333,1996,0.0,1
1334,2000,0.0,1
1335,2000,0.0,1
1336,2000,0.0,1
1337,2000,0.0,1
1338,2004,0.0,1
1339,2004,0.0,1
1340,2004,0.0,1
1341,2004,0.0,1
1342,2008,0.0,1
1343,2008,0.0,1
1344,2008,0.0,1
1345,2008,0.0,1
1346,2012,0.0,1
1347,2012,0.0,1
1348,2012,0.0,1
1349,2012,0.0,1
1350,2016,0.0,1
1351,2016,0.0,1
1352,2016,0.0,1
1353,2016,0.0,1
1354,2020,0.0,1
1355,2020,0.0,1
1356,2020,0.0,1
1357,2020,0.0,1
1358,2024,0.0,1
1359,2024,0.0,1
1360,2024,0.0,1
1361,2024,0.0,1
1362,2028,0.0,1
1363,2028,0.0,1
1364,2028,0.0,1
1365,2028,0.0,1
1366,2032,0.0,1
1367,2032,0.0,1
1368,2032,0.0,1
1369,2032,0.0,1
1370,2036,0.0,1
1371,2036,0.0,1
1372,2036,0.0,1
1373,2036,0.0,1
1374,2040,0.0,1
1375,2040,0.0,1
1376,2040,0.0,1
1377,2040,0.0,1
1378,2044,0.0,1
1379,2044,0.0,1
1380,2044,0.0,1
1381,2044,0.0,1
1382,2048,0.0,1
1383,2048,0.0,1
1384,2048,0.0,1
1385,2048,0.0,1
1386,2052,0.0,1
1387,2052,0.0,1
1388,2052,0.0,1
1389,2052,0.0,1
1390,2056,0.0,1
1391,2056,0.0,1
1392,2056,0.0,1
1393,2056,0.0,1
1394,2060,0.0,1
1395,2060,0.0,1
1396,2060,0.0,1
1397,2060,0.0,1
1398,2064,0.0,1
1399,2064,0.0,1
1400,2064,0.0,1
1401,2064,0.0,1
1402,2068,0.0,1
1403,2068,0.0,1
1404,2068,0.0,1
1405,2068,0.0,1
1406,2072,0.0,1
1407,2072,0.0,1
1408,2072,0.0,1
1409,2072,0.0,1
1410,2076,0.0,1
1411,2076,0.0,1
1412,2076,0.0,1
1413,2076,0.0,1
1414,2080,0.0,1
1415,2080,0.0,1
1416,2080,0.0,1
1417,2080,0.0,1
1418,2084,0.0,1
1419,2084,0.0,1
1420,2084,0.0,1
1421,2084,0.0,1
1422,2088,0.0,1
1423,2088,0.0,1
1424,2088,0.0,1
1425,2088,0.0,1
1426,2092,0.0,1
1427,2092,0.0,1
1428,2092,0.0,1
1429,2092,0.0,1
1430,2096,0.0,1
1431,2096,0.0,1
1432,2096,0.0,1
1433,2096,0.0,1
1434,2100,0.0,1
1435,2100,0.0,1
1436,2100,0.0,1
1437,2100,0.0,1
1438,2104,0.0,1
1439,2104,0.0,1
1440,2104,0.0,1
1441,2104,0.0,1
1442,2108,0.0,1
1443,2108,0.0,1
1444,2108,0.0,1
1445,2108,0.0,1
1446,2112,0.0,1
1447,2112,0.0,1
1448,2112,0.0,1
1449,2112,0.0,1
1450,2116,0.0,1
1451,2116,0.0,1
1452,2116,0.0,1
1453,2116,0.0,1
1454,2120,0.0,1
1455,2120,0.0,1
1456,2120,0.0,1
1457,2120,0.0,1
1458,2124,0.0,1
1459,2124,0.0,1
1460,2124,0.0,1
1461,2124,0.0,1
1462,2128,0.0,1
1463,2128,0.0,1
1464,2128,0.0,1
1465,2128,0.0,1
1466,2132,0.0,1
1467,2132,0.0,1
1468,2132,0.0,1
1469,2132,0.0,1
1470,2136,0.0,1
1471,2136,0.0,1
1472,2136,0.0,1
1473,2136,0.0,1
1474,2140,0.0,1
1475,2140,0.0,1
1476,2140,0.0,1
1477,2140,0.0,1
1478,2144,0.0,1
1479,2144,0.0,1
1480,2144,0.0,1
1481,2144,0.0,1
1482,2148,0.0,1
1483,2148,0.0,1
1484,2148,0.0,1
1485,2148,0.0,1
1486,2152,0.0,1
1487,2152,0.0,1
1488,2152,0.0,1
1489,2152,0.0,1
1490,2156,0.0,1
1491,2156,0.0,1
1492,2156,0.0,1
1493,2156,0.0,1
1494,2160,0.0,1
1495,2160,0.0,1
1496,2160,0.0,1
1497,2160,0.0,1
1498,2164,0.0,1
1499,2164,0.0,1
1500,2164,0.0,1
1501,2164,0.0,1
1502,2168,0.0,1
1503,2168,0.0,1
1504,2168,0.0,1
1505,2168,0.0,1
1506,2172,0.0,1
1507,2172,0.0,1
1508,2172,0.0,1
1509,2172,0.0,1
1510,2176,0.0,1
1511,2176,0.0,1
1512,2176,0.0,1
1513,2176,0.0,1
1514,2180,0.0,1
1515,2180,0.0,1
1516,2180,0.0,1
1517,2180,0.0,1
1518,2184,0.0,1
1519,2184,0.0,1
1520,2184,0.0,1
1521,2184,0.0,1
1522,2188,0.0,1
1523,2188,0.0,1
1524,2188,0.0,1
1525,2188,0.0,1
1526,2192,0.0,1
1527,2192,0.0,1
1528,2192,0.0,1
1529,2192,0.0,1
1530,2196,0.0,1
1531,2196,0.0,1
1532,2196,0.0,1
1533,2196,0.0,1
1534,2200,0.0,1
1535,2200,0.0,1
1536,2200,0.0,1
1537,2200,0.0,1
1538,2204,0.0,1
1539,2204,0.0,1
1540,2204,0.0,1
1541,2204,0.0,1
1542,2208,0.0,1
1543,2208,0.0,1
1544,2208,0.0,1
1545,2208,0.0,1
1546,2212,0.0,1
1547,2212,0.0,1
1548,2212,0.0,1
1549,2212,0.0,1
1550,2216,0.0,1
1551,2216,0.0,1
1552,2216,0.0,1
1553,2216,0.0,1
1554,2220,0.0,1
1555,2220,0.0,1
1556,2220,0.0,1
1557,2220,0.0,1
1558,2224,0.0,1
1559,2224,0.0,1
1560,2224,0.0,1
1561,2224,0.0,1
1562,2228,0.0,1
1563,2228,0.0,1
1564,2228,0.0,1
1565,2228,0.0,1
1566,2232,0.0,1
1567,2232,0.0,1
1568,2232,0.0,1
1569,2232,0.0,1
1570,2236,0.0,1
1571,2236,0.0,1
1572,2236,0.0,1
1573,2236,0.0,1
1574,2240,0.0,1
1575,2240,0.0,1
1576,2240,0.0,1
1577,2240,0.0,1
1578,2244,0.0,1
1579,2244,0.0,1
1580,2244,0.0,1
1581,2244,0.0,1
1582,2248,0.0,1
1583,2248,0.0,1
1584,2248,0.0,1
1585,2248,0.0,1
1586,2252,0.0,1
1587,2252,0.0,1
1588,2252,0.0,1
1589,2252,0.0,1
1590,2256,0.0,1
1591,2256,0.0,1
1592,2256,0.0,1
1593,2256,0.0,1
1594,2260,0.0,1
1595,2260,0.0,1
1596,2260,0.0,1
1597,2260,0.0,1
1598,2264,0.0,1
1599,2264,0.0,1
1600,2264,0.0,1
1601,2264,0.0,1
1602,2268,0.0,1
1603,2268,0.0,1
1604,2268,0.0,1
1605,2268,0.0,1
1606,2272,0.0,1
1607,2272,0.0,1
1608,2272,0.0,1
1609,2272,0.0,1
1610,2276,0.0,1
1611,2276,0.0,1
1612,2276,0.0,1
1613,2276,0.0,1
1614,2280,0.0,1
1615,2280,0.0,1
1616,2280,0.0,1
1617,2280,0.0,1
1618,2284,0.0,1
1619,2284,0.0,1
1620,2284,0.0,1
1621,2284,0.0,1
1622,2288,0.0,1
1623,2288,0.0,1
1624,2288,0.0,1
1625,2288,0.0,1
1626,2292,0.0,1
1627,2292,0.0,1
1628,2292,0.0,1
1629,2292,0.0,1
1630,2296,0.0,1
1631,2296,0.0,1
1632,2296,0.0,1
1633,2296,0.0,1
1634,2300,0.0,1
1635,2300,0.0,1
1636,2300,0.0,1
1637,2300,0.0,1
1638,2304,0.0,1
1639,2304,0.0,1
1640,2304,0.0,1
1641,2304,0.0,1
1642,2308,0.0,1
1643,2308,0.0,1
1644,2308,0.0,1
1645,2308,0.0,1
1646,2312,0.0,1
1647,2312,0.0,1
1648,2312,0.0,1
1649,2312,0.0,1
1650,2316,0.0,1
1651,2316,0.0,1
1652,2316,0.0,1
1653,2316,0.0,1
1654,2320,0.0,1
1655,2320,0.0,1
1656,2320,0.0,1
1657,2320,0.0,1
1658,2324,0.0,1
1659,2324,0.0,1
1660,2324,0.0,1
1661,2324,0.0,1
1662,2328,0.0,1
1663,2328,0.0,1
1664,2328,0.0,1
1665,2328,0.0,1
1666,2332,0.0,1
1667,2332,0.0,1
1668,2332,0.0,1
1669,2332,0.0,1
1670,2336,0.0,1
1671,2336,0.0,1
1672,2336,0.0,1
1673,2336,0.0,1
1674,2340,0.0,1
1675,2340,0.0,1
1676,2340,0.0,1
1677,2340,0.0,1
1678,2344,0.0,1
1679,2344,0.0,1
1680,2344,0.0,1
1681,2344,0.0,1
1682,2348,0.0,1
1683,2348,0.0,1
1684,2348,0.0,1
1685,2348,0.0,1
1686,2352,0.0,1
1687,2352,0.0,1
1688,2352,0.0,1
1689,2352,0.0,1
1690,2356,0.0,1
1691,2356,0.0,1
1692,2356,0.0,1
1693,2356,0.0,1
1694,2360,0.0,1
1695,2360,0.0,1
1696,2360,0.0,1
1697,2360,0.0,1
1698,2364,0.0,1
1699,2364,0.0,1
1700,2364,0.0,1
1701,2364,0.0,1
1702,2368,0.0,1
1703,2368,0.0,1
1704,2368,0.0,1
1705,2368,0.0,1
1706,2372,0.0,1
1707,2372,0.0,1
1708,2372,0.0,1
1709,2372,0.0,1
1710,2376,0.0,1
1711,2376,0.0,1
1712,2376,0.0,1
1713,2376,0.0,1
1714,2380,0.0,1
1715,2380,0.0,1
1716,2380,0.0,1
1717,2380,0.0,1
1718,2384,0.0,1
1719,2384,0.0,1
1720,2384,0.0,1
1721,2384,0.0,1
1722,2388,0.0,1
1723,2388,0.0,1
1724,2388,0.0,1
1725,2388,0.0,1
1726,2392,0.0,1
1727,2392,0.0,1
1728,2392,0.0,1
1729,2392,0.0,1
1730,2396,0.0,1
1731,2396,0.0,1
1732,2396,0.0,1
1733,2396,0.0,1
1734,2400,0.0,1
1735,2400,0.0,1
1736,2400,0.0,1
1737,2400,0.0,1
1738,2404,0.0,1
1739,2404,0.0,1
1740,2404,0.0,1
1741,2404,0.0,1
1742,2408,0.0,1
1743,2408,0.0,1
1744,2408,0.0,1
1745,2408,0.0,1
1746,2412,0.0,1
1747,2412,0.0,1
1748,2412,0.0,1
1749,2412,0.0,1
1750,2416,0.0,1
1751,2416,0.0,1
1752,2416,0.0,1
1753,2416,0.0,1
1754,2420,0.0,1
1755,2420,0.0,1
1756,2420,0.0,1
1757,2420,0.0,1
1758,2424,0.0,1
1759,2424,0.0,1
1760,2424,0.0,1
1761,2424,0.0,1
1762,2428,0.0,1
1763,2428,0.0,1
1764,2428,0.0,1
1765,2428,0.0,1
1766,2432,0.0,1
1767,2432,0.0,1
1768,2432,0.0,1
1769,2432,0.0,1
1770,2436,0.0,1
1771,2436,0.0,1
1772,2436,0.0,1
1773,2436,0.0,1
1774,2440,0.0,1
1775,2440,0.0,1
1776,2440,0.0,1
1777,2440,0.0,1
1778,2444,0.0,1
1779,2444,0.0,1
1780,2444,0.0,1
1781,2444,0.0,1
1782,2448,0.0,1
1783,2448,0.0,1
1784,2448,0.0,1
1785,2448,0.0,1
1786,2452,0.0,1
1787,2452,0.0,1
1788,2452,0.0,1
1789,2452,0.0,1
1790,2456,0.0,1
1791,2456,0.0,1
1792,2456,0.0,1
1793,2456,0.0,1
1794,2460,0.0,1
1795,2460,0.0,1
1796,2460,0.0,1
1797,2460,0.0,1
1798,2464,0.0,1
1799,2464,0.0,1
1800,2464,0.0,1
1801,2464,0.0,1
1802,2468,0.0,1
1803,2468,0.0,1
1804,2468,0.0,1
1805,2468,0.0,1
1806,2472,0.0,1
1807,2472,0.0,1
1808,2472,0.0,1
1809,2472,0.0,1
1810,2476,0.0,1
1811,2476,0.0,1
1812,2476,0.0,1
1813,2476,0.0,1
1814,2480,0.0,1
1815,2480,0.0,1
1816,2480,0.0,1
1817,2480,0.0,1
1818,2484,0.0,1
1819,2484,0.0,1
1820,2484,0.0,1
1821,2484,0.0,1
1822,2488,0.0,1
1823,2488,0.0,1
1824,2488,0.0,1
1825,2488,0.0,1
1826,2492,0.0,1
1827,2492,0.0,1
1828,2492,0.0,1
1829,2492,0.0,1
1830,2496,0.0,1
1831,2496,0.0,1
1832,2496,0.0,1
1833,2496,0.0,1
1834,2500,0.0,1
1835,2500,0.0,1
1836,2500,0.0,1
1837,2500,0.0,1
1838,2504,0.0,1
1839,2504,0.0,1
1840,2504,0.0,1
1841,2504,0.0,1
1842,2508,0.0,1
1843,2508,0.0,1
1844,2508,0.0,1
1845,2508,0.0,1
1846,2512,0.0,1
1847,2512,0.0,1
1848,2512,0.0,1
1849,2512,0.0,1
1850,2516,0.0,1
1851,2516,0.0,1
1852,2516,0.0,1
1853,2516,0.0,1
1854,2520,0.0,1
1855,2520,0.0,1
1856,2520,0.0,1
1857,2520,0.0,1
1858,2524,0.0,1
1859,2524,0.0,1
1860,2524,0.0,1
1861,2524,0.0,1
1862,2528,0.0,1
1863,2528,0.0,1
1864,2528,0.0,1
1865,2528,0.0,1
1866,2532,0.0,1
1867,2532,0.0,1
1868,2532,0.0,1
1869,2532,0.0,1
1870,2536,0.0,1
1871,2536,0.0,1
1872,2536,0.0,1
1873,2536,0.0,1
1874,2540,0.0,1
1875,2540,0.0,1
1876,2540,0.0,1
1877,2540,0.0,1
1878,2544,0.0,1
1879,2544,0.0,1
1880,2544,0.0,1
1881,2544,0.0,1
1882,2548,0.0,1
1883,2548,0.0,1
1884,2548,0.0,1
1885,2548,0.0,1
1886,2552,0.0,1
1887,2552,0.0,1
1888,2552,0.0,1
1889,2552,0.0,1
1890,2556,0.0,1
1891,2556,0.0,1
1892,2556,0.0,1
1893,2556,0.0,1
1894,2560,0.0,1
1895,2560,0.0,1
1896,2560,0.0,1
1897,2560,0.0,1
1898,2564,0.0,1
1899,2564,0.0,1
1900,2564,0.0,1
1901,2564,0.0,1
1902,2568,0.0,1
1903,2568,0.0,1
1904,2568,0.0,1
1905,2568,0.0,1
1906,2572,0.0,1
1907,2572,0.0,1
1908,2572,0.0,1
1909,2572,0.0,1
1910,2576,0.0,1
1911,2576,0.0,1
1912,2576,0.0,1
1913,2576,0.0,1
1914,2580,0.0,1
1915,2580,0.0,1
1916,2580,0.0,1
1917,2580,0.0,1
1918,2584,0.0,1
1919,2584,0.0,1
1920,2584,0.0,1
1921,2584,0.0,1
1922,2588,0.0,1
1923,2588,0.0,1
1924,2588,0.0,1
1925,2588,0.0,1
1926,2592,0.0,1
1927,2592,0.0,1
1928,2592,0.0,1
1929,2592,0.0,1
1930,2596,0.0,1
1931,2596,0.0,1
1932,2596,0.0,1
1933,2596,0.0,1
1934,2600,0.0,1
1935,2600,0.0,1
1936,2600,0.0,1
1937,2600,0.0,1
1938,2604,0.0,1
1939,2604,0.0,1
1940,2604,0.0,1
1941,2604,0.0,1
1942,2608,0.0,1
1943,2608,0.0,1
1944,2608,0.0,1
1945,2608,0.0,1
1946,2612,0.0,1
1947,2612,0.0,1
1948,2612,0.0,1
1949,2612,0.0,1
1950,2616,0.0,1
1951,2616,0.0,1
1952,2616,0.0,1
1953,2616,0.0,1
1954,2620,0.0,1
1955,2620,0.0,1
1956,2620,0.0,1
1957,2620,0.0,1
1958,2624,0.0,1
1959,2624,0.0,1
1960,2624,0.0,1
1961,2624,0.0,1
1962,2628,0.0,1
1963,2628,0.0,1
1964,2628,0.0,1
1965,2628,0.0,1
1966,2632,0.0,1
1967,2632,0.0,1
1968,2632,0.0,1
1969,2632,0.0,1
1970,2636,0.0,1
1971,2636,0.0,1
1972,2636,0.0,1
1973,2636,0.0,1
1974,2640,0.0,1
1975,2640,0.0,1
1976,2640,0.0,1
1977,2640,0.0,1
1978,2644,0.0,1
1979,2644,0.0,1
1980,2644,0.0,1
1981,2644,0.0,1
1982,2648,0.0,1
1983,2648,0.0,1
1984,2648,0.0,1
1985,2648,0.0,1
1986,2652,0.0,1
1987,2652,0.0,1
1988,2652,0.0,1
1989,2652,0.0,1
1990,2656,0.0,1
1991,2656,0.0,1
1992,2656,0.0,1
1993,2656,0.0,1
1994,2660,0.0,1
1995,2660,0.0,1
1996,2660,0.0,1
1997,2660,0.0,1
1998,2664,0.0,1
1999,2664,0.0,1
2000,2664,0.0,1
2001,2664,0.0,1
2002,2668,0.0,1
2003,2668,0.0,1
2004,2668,0.0,1
2005,2668,0.0,1
2006,2672,0.0,1
2007,2672,0.0,1
2008,2672,0.0,1
2009,2672,0.0,1
2010,2676,0.0,1
2011,2676,0.0,1
2012,2676,0.0,1
2013,2676,0.0,1
2014,2680,0.0,1
2015,2680,0.0,1
2016,2680,0.0,1
2017,2680,0.0,1
2018,2684,0.0,1
2019,2684,0.0,1
2020,2684,0.0,1
2021,2684,0.0,1
2022,2688,0.0,1
2023,2688,0.0,1
2024,2688,0.0,1
2025,2688,0.0,1
2026,2692,0.0,1
2027,2692,0.0,1
2028,2692,0.0,1
2029,2692,0.0,1
2030,2696,0.0,1
2031,2696,0.0,1
2032,2696,0.0,1
2033,2696,0.0,1
2034,2700,0.0,1
2035,2700,0.0,1
2036,2700,0.0,1
2037,2700,0.0,1
2038,2704,0.0,1
2039,2704,0.0,1
2040,2704,0.0,1
2041,2704,0.0,1
2042,2708,0.0,1
2043,2708,0.0,1
2044,2708,0.0,1
2045,2708,0.0,1
2046,2712,0.0,1
2047,2712,0.0,1
2048,2712,0.0,1
2049,2712,0.0,1
2050,2716,0.0,1
2051,2716,0.0,1
2052,2716,0.0,1
2053,2716,0.0,1
2054,2720,0.0,1
2055,2720,0.0,1
2056,2720,0.0,1
2057,2720,0.0,1
2058,2724,0.0,1
2059,2724,0.0,1
2060,2724,0.0,1
2061,2724,0.0,1
2062,2728,0.0,1
2063,2728,0.0,1
2064,2728,0.0,1
2065,2728,0.0,1
2066,2732,0.0,1
2067,2732,0.0,1
2068,2732,0.0,1
2069,2732,0.0,1
2070,2736,0.0,1
2071,2736,0.0,1
2072,2736,0.0,1
2073,2736,0.0,1
2074,2740,0.0,1
2075,2740,0.0,1
2076,2740,0.0,1
2077,2740,0.0,1
2078,2744,0.0,1
2079,2744,0.0,1
2080,2744,0.0,1
2081,2744,0.0,1
2082,2748,0.0,1
2083,2748,0.0,1
2084,2748,0.0,1
2085,2748,0.0,1
2086,2752,0.0,1
2087,2752,0.0,1
2088,2752,0.0,1
2089,2752,0.0,1
2090,2756,0.0,1
2091,2756,0.0,1
2092,2756,0.0,1
2093,2756,0.0,1
2094,2760,0.0,1
2095,2760,0.0,1
2096,2760,0.0,1
2097,2760,0.0,1
2098,2764,0.0,1
2099,2764,0.0,1
2100,2764,0.0,1
2101,2764,0.0,1
2102,2768,0.0,1
2103,2768,0.0,1
2104,2768,0.0,1
2105,2768,0.0,1
2106,2772,0.0,1
2107,2772,0.0,1
2108,2772,0.0,1
2109,2772,0.0,1
2110,2776,0.0,1
2111,2776,0.0,1
2112,2776,0.0,1
2113,2776,0.0,1
2114,2780,0.0,1
2115,2780,0.0,1
2116,2780,0.0,1
2117,2780,0.0,1
2118,2784,0.0,1
2119,2784,0.0,1
2120,2784,0.0,1
2121,2784,0.0,1
2122,2788,0.0,1
2123,2788,0.0,1
2124,2788,0.0,1
2125,2788,0.0,1
2126,2792,0.0,1
2127,2792,0.0,1
2128,2792,0.0,1
2129,2792,0.0,1
2130,2796,0.0,1
2131,2796,0.0,1
2132,2796,0.0,1
2133,2796,0.0,1
2134,2800,0.0,1
2135,2800,0.0,1
2136,2800,0.0,1
2137,2800,0.0,1
2138,2804,0.0,1
2139,2804,0.0,1
2140,2804,0.0,1
2141,2804,0.0,1
2142,2808,0.0,1
2143,2808,0.0,1
2144,2808,0.0,1
2145,2808,0.0,1
2146,2812,0.0,1
2147,2812,0.0,1
2148,2812,0.0,1
2149,2812,0.0,1
2150,2816,0.0,1
2151,2816,0.0,1
2152,2816,0.0,1
2153,2816,0.0,1
2154,2820,0.0,1
2155,2820,0.0,1
2156,2820,0.0,1
2157,2820,0.0,1
2158,2824,0.0,1
2159,2824,0.0,1
2160,2824,0.0,1
2161,2824,0.0,1
2162,2828,0.0,1
2163,2828,0.0,1
2164,2828,0.0,1
2165,2828,0.0,1
2166,2832,0.0,1
2167,2832,0.0,1
2168,2832,0.0,1
2169,2832,0.0,1
2170,2836,0.0,1
2171,2836,0.0,1
2172,2836,0.0,1
2173,2836,0.0,1
2174,2840,0.0,1
2175,2840,0.0,1
2176,2840,0.0,1
2177,2840,0.0,1
2178,2844,0.0,1
2179,2844,0.0,1
2180,2844,0.0,1
2181,2844,0.0,1
2182,2848,0.0,1
2183,2848,0.0,1
2184,2848,0.0,1
2185,2848,0.0,1
2186,2852,0.0,1
2187,2852,0.0,1
2188,2852,0.0,1
2189,2852,0.0,1
2190,2856,0.0,1
2191,2856,0.0,1
2192,2856,0.0,1
2193,2856,0.0,1
2194,2860,0.0,1
2195,2860,0.0,1
2196,2860,0.0,1
2197,2860,0.0,1
2198,2864,0.0,1
2199,2864,0.0,1
2200,2864,0.0,1
2201,2864,0.0,1
2202,2868,0.0,1
2203,2868,0.0,1
2204,2868,0.0,1
2205,2868,0.0,1
2206,2872,0.0,1
2207,2872,0.0,1
2208,2872,0.0,1
2209,2872,0.0,1
2210,2876,0.0,1
2211,2876,0.0,1
2212,2876,0.0,1
2213,2876,0.0,1
2214,2880,0.0,1
2215,2880,0.0,1
2216,2880,0.0,1
2217,2880,0.0,1
2218,2884,0.0,1
2219,2884,0.0,1
2220,2884,0.0,1
2221,2884,0.0,1
2222,2888,0.0,1
2223,2888,0.0,1
2224,2888,0.0,1
2225,2888,0.0,1
2226,2892,0.0,1
2227,2892,0.0,1
2228,2892,0.0,1
2229,2892,0.0,1
2230,2896,0.0,1
2231,2896,0.0,1
2232,2896,0.0,1
2233,2896,0.0,1
2234,2900,0.0,1
2235,2900,0.0,1
2236,2900,0.0,1
2237,2900,0.0,1
2238,2904,0.0,1
2239,2904,0.0,1
2240,2904,0.0,1
2241,2904,0.0,1
2242,2908,0.0,1
2243,2908,0.0,1
2244,2908,0.0,1
2245,2908,0.0,1
2246,2912,0.0,1
2247,2912,0.0,1
2248,2912,0.0,1
2249,2912,0.0,1
2250,2916,0.0,1
2251,2916,0.0,1
2252,2916,0.0,1
2253,2916,0.0,1
2254,2920,0.0,1
2255,2920,0.0,1
2256,2920,0.0,1
2257,2920,0.0,1
2258,2924,0.0,1
2259,2924,0.0,1
2260,2924,0.0,1
2261,2924,0.0,1
2262,2928,0.0,1
2263,2928,0.0,1
2264,2928,0.0,1
2265,2928,0.0,1
2266,2932,0.0,1
2267,2932,0.0,1
2268,2932,0.0,1
2269,2932,0.0,1
2270,2936,0.0,1
2271,2936,0.0,1
2272,2936,0.0,1
2273,2936,0.0,1
2274,2940,0.0,1
2275,2940,0.0,1
2276,2940,0.0,1
2277,2940,0.0,1
2278,2944,0.0,1
2279,2944,0.0,1
2280,2944,0.0,1
2281,2944,0.0,1
2282,2948,0.0,1
2283,2948,0.0,1
2284,2948,0.0,1
2285,2948,0.0,1
2286,2952,0.0,1
2287,2952,0.0,1
2288,2952,0.0,1
2289,2952,0.0,1
2290,2956,0.0,1
2291,2956,0.0,1
2292,2956,0.0,1
2293,2956,0.0,1
2294,2960,0.0,1
2295,2960,0.0,1
2296,2960,0.0,1
2297,2960,0.0,1
2298,2964,0.0,1
2299,2964,0.0,1
2300,2964,0.0,1
2301,2964,0.0,1
2302,2968,0.0,1
2303,2968,0.0,1
2304,2968,0.0,1
2305,2968,0.0,1
2306,2972,0.0,1
2307,2972,0.0,1
2308,2972,0.0,1
2309,2972,0.0,1
2310,2976,0.0,1
2311,2976,0.0,1
2312,2976,0.0,1
2313,2976,0.0,1
2314,2980,0.0,1
2315,2980,0.0,1
2316,2980,0.0,1
2317,2980,0.0,1
2318,2984,0.0,1
2319,2984,0.0,1
2320,2984,0.0,1
2321,2984,0.0,1
2322,2988,0.0,1
2323,2988,0.0,1
2324,2988,0.0,1
2325,2988,0.0,1
2326,2992,0.0,1
2327,2992,0.0,1
2328,2992,0.0,1
2329,2992,0.0,1
2330,2996,0.0,1
2331,2996,0.0,1
2332,2996,0.0,1
2333,2996,0.0,1
2334,3000,0.0,1
2335,3000,0.0,1
2336,3000,0.0,1
2337,3000,0.0,1
2338,3004,0.0,1
2339,3004,0.0,1
2340,3004,0.0,1
2341,3004,0.0,1
2342,3008,0.0,1
2343,3008,0.0,1
2344,3008,0.0,1
2345,3008,0.0,1
2346,3012,0.0,1
2347,3012,0.0,1
2348,3012,0.0,1
2349,3012,0.0,1
2350,3016,0.0,1
2351,3016,0.0,1
2352,3016,0.0,1
2353,3016,0.0,1
2354,3020,0.0,1
2355,3020,0.0,1
2356,3020,0.0,1
2357,3020,0.0,1
2358,3024,0.0,1
2359,3024,0.0,1
2360,3024,0.0,1
2361,3024,0.0,1
2362,3028,0.0,1
2363,3028,0.0,1
2364,3028,0.0,1
2365,3028,0.0,1
2366,3032,0.0,1
2367,3032,0.0,1
2368,3032,0.0,1
2369,3032,0.0,1
2370,3036,0.0,1
2371,3036,0.0,1
2372,3036,0.0,1
2373,3036,0.0,1
2374,3040,0.0,1
2375,3040,0.0,1
2376,3040,0.0,1
2377,3040,0.0,1
2378,3044,0.0,1
2379,3044,0.0,1
2380,3044,0.0,1
2381,3044,0.0,1
2382,3048,0.0,1
2383,3048,0.0,1
2384,3048,0.0,1
2385,3048,0.0,1
2386,3052,0.0,1
2387,3052,0.0,1
2388,3052,0.0,1
2389,3052,0.0,1
2390,3056,0.0,1
2391,3056,0.0,1
2392,3056,0.0,1
2393,3056,0.0,1
2394,3060,0.0,1
2395,3060,0.0,1
2396,3060,0.0,1
2397,3060,0.0,1
2398,3064,0.0,1
2399,3064,0.0,1
2400,3064,0.0,1
2401,3064,0.0,1
2402,3068,0.0,1
2403,3068,0.0,1
2404,3068,0.0,1
2405,3068,0.0,1
2406,3072,0.0,1
2407,3072,0.0,1
2408,3072,0.0,1
2409,3072,0.0,1
2410,3076,0.0,1
2411,3076,0.0,1
2412,3076,0.0,1
2413,3076,0.0,1
2414,3080,0.0,1
2415,3080,0.0,1
2416,3080,0.0,1
2417,3080,0.0,1
2418,3084,0.0,1
2419,3084,0.0,1
2420,3084,0.0,1
2421,3084,0.0,1
2422,3088,0.0,1
2423,3088,0.0,1
2424,3088,0.0,1
2425,3088,0.0,1
2426,3092,0.0,1
2427,3092,0.0,1
2428,3092,0.0,1
2429,3092,0.0,1
2430,3096,0.0,1
2431,3096,0.0,1
2432,3096,0.0,1
2433,3096,0.0,1
2434,3100,0.0,1
2435,3100,0.0,1
2436,3100,0.0,1
2437,3100,0.0,1
2438,3104,0.0,1
2439,3104,0.0,1
2440,3104,0.0,1
2441,3104,0.0,1
2442,3108,0.0,1
2443,3108,0.0,1
2444,3108,0.0,1
2445,3108,0.0,1
2446,3112,0.0,1
2447,3112,0.0,1
2448,3112,0.0,1
2449,3112,0.0,1
2450,3116,0.0,1
2451,3116,0.0,1
2452,3116,0.0,1
2453,3116,0.0,1
2454,3120,0.0,1
2455,3120,0.0,1
2456,3120,0.0,1
2457,3120,0.0,1
2458,3124,0.0,1
2459,3124,0.0,1
2460,3124,0.0,1
2461,3124,0.0,1
2462,3128,0.0,1
2463,3128,0.0,1
2464,3128,0.0,1
2465,3128,0.0,1
2466,3132,0.0,1
2467,3132,0.0,1
2468,3132,0.0,1
2469,3132,0.0,1
2470,3136,0.0,1
2471,3136,0.0,1
2472,3136,0.0,1
2473,3136,0.0,1
2474,3140,0.0,1
2475,3140,0.0,1
2476,3140,0.0,1
2477,3140,0.0,1
2478,3144,0.0,1
2479,3144,0.0,1
2480,3144,0.0,1
2481,3144,0.0,1
2482,3148,0.0,1
2483,3148,0.0,1
2484,3148,0.0,1
2485,3148,0.0,1
2486,3152,0.0,1
2487,3152,0.0,1
2488,3152,0.0,1
2489,3152,0.0,1
2490,3156,0.0,1
2491,3156,0.0,1
2492,3156,0.0,1
2493,3156,0.0,1
2494,3160,0.0,1
2495,3160,0.0,1
2496,3160,0.0,1
2497,3160,0.0,1
2498,3164,0.0,1
2499,3164,0.0,1
2500,3164,0.0,1
2501,3164,0.0,1
2502,3168,0.0,1
2503,3168,0.0,1
2504,3168,0.0,1
2505,3168,0.0,1
2506,3172,0.0,1
2507,3172,0.0,1
2508,3172,0.0,1
2509,3172,0.0,1
2510,3176,0.0,1
2511,3176,0.0,1
2512,3176,0.0,1
2513,3176,0.0,1
2514,3180,0.0,1
2515,3180,0.0,1
2516,3180,0.0,1
2517,3180,0.0,1
2518,3184,0.0,1
2519,3184,0.0,1
2520,3184,0.0,1
2521,3184,0.0,1
2522,3188,0.0,1
2523,3188,0.0,1
2524,3188,0.0,1
2525,3188,0.0,1
2526,3192,0.0,1
2527,3192,0.0,1
2528,3192,0.0,1
2529,3192,0.0,1
2530,3196,0.0,1
2531,3196,0.0,1
2532,3196,0.0,1
2533,3196,0.0,1
2534,3200,0.0,1
2535,3200,0.0,1
2536,3200,0.0,1
2537,3200,0.0,1
2538,3204,0.0,1
2539,3204,0.0,1
2540,3204,0.0,1
2541,3204,0.0,1
2542,3208,0.0,1
2543,3208,0.0,1
2544,3208,0.0,1
2545,3208,0.0,1
2546,3212,0.0,1
2547,3212,0.0,1
2548,3212,0.0,1
2549,3212,0.0,1
2550,3216,0.0,1
2551,3216,0.0,1
2552,3216,0.0,1
2553,3216,0.0,1
2554,3220,0.0,1
2555,3220,0.0,1
2556,3220,0.0,1
2557,3220,0.0,1
2558,3224,0.0,1
2559,3224,0.0,1
2560,3224,0.0,1
2561,3224,0.0,1
2562,3228,0.0,1
2563,3228,0.0,1
2564,3228,0.0,1
2565,3228,0.0,1
2566,3232,0.0,1
2567,3232,0.0,1
2568,3232,0.0,1
2569,3232,0.0,1
2570,3236,0.0,1
2571,3236,0.0,1
2572,3236,0.0,1
2573,3236,0.0,1
2574,3240,0.0,1
2575,3240,0.0,1
2576,3240,0.0,1
2577,3240,0.0,1
2578,3244,0.0,1
2579,3244,0.0,1
2580,3244,0.0,1
2581,3244,0.0,1
2582,3248,0.0,1
2583,3248,0.0,1
2584,3248,0.0,1
2585,3248,0.0,1
2586,3252,0.0,1
2587,3252,0.0,1
2588,3252,0.0,1
2589,3252,0.0,1
2590,3256,0.0,1
2591,3256,0.0,1
2592,3256,0.0,1
2593,3256,0.0,1
2594,3260,0.0,1
2595,3260,0.0,1
2596,3260,0.0,1
2597,3260,0.0,1
2598,3264,0.0,1
2599,3264,0.0,1
2600,3264,0.0,1
2601,3264,0.0,1
2602,3268,0.0,1
2603,3268,0.0,1
2604,3268,0.0,1
2605,3268,0.0,1
2606,3272,0.0,1
2607,3272,0.0,1
2608,3272,0.0,1
2609,3272,0.0,1
2610,3276,0.0,1
2611,3276,0.0,1
2612,3276,0.0,1
2613,3276,0.0,1
2614,3280,0.0,1
2615,3280,0.0,1
2616,3280,0.0,1
2617,3280,0.0,1
2618,3284,0.0,1
2619,3284,0.0,1
2620,3284,0.0,1
2621,3284,0.0,1
2622,3288,0.0,1
2623,3288,0.0,1
2624,3288,0.0,1
2625,3288,0.0,1
2626,3292,0.0,1
2627,3292,0.0,1
2628,3292,0.0,1
2629,3292,0.0,1
2630,3296,0.0,1
2631,3296,0.0,1
2632,3296,0.0,1
2633,3296,0.0,1
2634,3300,0.0,1
2635,3300,0.0,1
2636,3300,0.0,1
2637,3300,0.0,1
2638,3304,0.0,1
2639,3304,0.0,1
2640,3304,0.0,1
2641,3304,0.0,1
2642,3308,0.0,1
2643,3308,0.0,1
2644,3308,0.0,1
2645,3308,0.0,1
2646,3312,0.0,1
2647,3312,0.0,1
2648,3312,0.0,1
2649,3312,0.0,1
2650,3316,0.0,1
2651,3316,0.0,1
2652,3316,0.0,1
2653,3316,0.0,1
2654,3320,0.0,1
2655,3320,0.0,1
2656,3320,0.0,1
2657,3320,0.0,1
2658,3324,0.0,1
2659,3324,0.0,1
2660,3324,0.0,1
2661,3324,0.0,1
2662,3328,0.0,1
2663,3328,0.0,1
2664,3328,0.0,1
2665,3328,0.0,1
2666,3332,0.0,1
2667,3332,0.0,1
2668,3332,0.0,1
2669,3332,0.0,1
2670,3336,0.0,1
2671,3336,0.0,1
2672,3336,0.0,1
2673,3336,0.0,1
2674,3340,0.0,1
2675,3340,0.0,1
2676,3340,0.0,1
2677,3340,0.0,1
2678,3344,0.0,1
2679,3344,0.0,1
2680,3344,0.0,1
2681,3344,0.0,1
2682,3348,0.0,1
2683,3348,0.0,1
2684,3348,0.0,1
2685,3348,0.0,1
2686,3352,0.0,1
2687,3352,0.0,1
2688,3352,0.0,1
2689,3352,0.0,1
2690,3356,0.0,1
2691,3356,0.0,1
2692,3356,0.0,1
2693,3356,0.0,1
2694,3360,0.0,1
2695,3360,0.0,1
2696,3360,0.0,1
2697,3360,0.0,1
2698,3364,0.0,1
2699,3364,0.0,1
2700,3364,0.0,1
2701,3364,0.0,1
2702,3368,0.0,1
2703,3368,0.0,1
2704,3368,0.0,1
2705,3368,0.0,1
2706,3372,0.0,1
2707,3372,0.0,1
2708,3372,0.0,1
2709,3372,0.0,1
2710,3376,0.0,1
2711,3376,0.0,1
2712,3376,0.0,1
2713,3376,0.0,1
2714,3380,0.0,1
2715,3380,0.0,1
2716,3380,0.0,1
2717,3380,0.0,1
2718,3384,0.0,1
2719,3384,0.0,1
2720,3384,0.0,1
2721,3384,0.0,1
2722,3388,0.0,1
2723,3388,0.0,1
2724,3388,0.0,1
2725,3388,0.0,1
2726,3392,0.0,1
2727,3392,0.0,1
2728,3392,0.0,1
2729,3392,0.0,1
2730,3396,0.0,1
2731,3396,0.0,1
2732,3396,0.0,1
2733,3396,0.0,1
2734,3400,0.0,1
2735,3400,0.0,1
2736,3400,0.0,1
2737,3400,0.0,1
2738,3404,0.0,1
2739,3404,0.0,1
2740,3404,0.0,1
2741,3404,0.0,1
2742,3408,0.0,1
2743,3408,0.0,1
2744,3408,0.0,1
2745,3408,0.0,1
2746,3412,0.0,1
2747,3412,0.0,1
2748,3412,0.0,1
2749,3412,0.0,1
2750,3416,0.0,1
2751,3416,0.0,1
2752,3416,0.0,1
2753,3416,0.0,1
2754,3420,0.0,1
2755,3420,0.0,1
2756,3420,0.0,1
2757,3420,0.0,1
2758,3424,0.0,1
2759,3424,0.0,1
2760,3424,0.0,1
2761,3424,0.0,1
2762,3428,0.0,1
2763,3428,0.0,1
2764,3428,0.0,1
2765,3428,0.0,1
2766,3432,0.0,1
2767,3432,0.0,1
2768,3432,0.0,1
2769,3432,0.0,1
2770,3436,0.0,1
2771,3436,0.0,1
2772,3436,0.0,1
2773,3436,0.0,1
2774,3440,0.0,1
2775,3440,0.0,1
2776,3440,0.0,1
2777,3440,0.0,1
2778,3444,0.0,1
2779,3444,0.0,1
2780,3444,0.0,1
2781,3444,0.0,1
2782,3448,0.0,1
2783,3448,0.0,1
2784,3448,0.0,1
2785,3448,0.0,1
2786,3452,0.0,1
2787,3452,0.0,1
2788,3452,0.0,1
2789,3452,0.0,1
2790,3456,0.0,1
2791,3456,0.0,1
2792,3456,0.0,1
2793,3456,0.0,1
2794,3460,0.0,1
2795,3460,0.0,1
2796,3460,0.0,1
2797,3460,0.0,1
2798,3464,0.0,1
2799,3464,0.0,1
2800,3464,0.0,1
2801,3464,0.0,1
2802,3468,0.0,1
2803,3468,0.0,1
2804,3468,0.0,1
2805,3468,0.0,1
2806,3472,0.0,1
2807,3472,0.0,1
2808,3472,0.0,1
2809,3472,0.0,1
2810,3476,0.0,1
2811,3476,0.0,1
2812,3476,0.0,1
2813,3476,0.0,1
2814,3480,0.0,1
2815,3480,0.0,1
2816,3480,0.0,1
2817,3480,0.0,1
2818,3484,0.0,1
2819,3484,0.0,1
2820,3484,0.0,1
2821,3484,0.0,1
2822,3488,0.0,1
2823,3488,0.0,1
2824,3488,0.0,1
2825,3488,0.0,1
2826,3492,0.0,1
2827,3492,0.0,1
2828,3492,0.0,1
2829,3492,0.0,1
2830,3496,0.0,1
2831,3496,0.0,1
2832,3496,0.0,1
2833,3496,0.0,1
2834,3500,0.0,1
2835,3500,0.0,1
2836,3500,0.0,1
2837,3500,0.0,1
2838,3504,0.0,1
2839,3504,0.0,1
2840,3504,0.0,1
2841,3504,0.0,1
2842,3508,0.0,1
2843,3508,0.0,1
2844,3508,0.0,1
2845,3508,0.0,1
2846,3512,0.0,1
2847,3512,0.0,1
2848,3512,0.0,1
2849,3512,0.0,1
2850,3516,0.0,1
2851,3516,0.0,1
2852,3516,0.0,1
2853,3516,0.0,1
2854,3520,0.0,1
2855,3520,0.0,1
2856,3520,0.0,1
2857,3520,0.0,1
2858,3524,0.0,1
2859,3524,0.0,1
2860,3524,0.0,1
2861,3524,0.0,1
2862,3528,0.0,1
2863,3528,0.0,1
2864,3528,0.0,1
2865,3528,0.0,1
2866,3532,0.0,1
2867,3532,0.0,1
2868,3532,0.0,1
2869,3532,0.0,1
2870,3536,0.0,1
2871,3536,0.0,1
2872,3536,0.0,1
2873,3536,0.0,1
2874,3540,0.0,1
2875,3540,0.0,1
2876,3540,0.0,1
2877,3540,0.0,1
2878,3544,0.0,1
2879,3544,0.0,1
2880,3544,0.0,1
2881,3544,0.0,1
2882,3548,0.0,1
2883,3548,0.0,1
2884,3548,0.0,1
2885,3548,0.0,1
2886,3552,0.0,1
2887,3552,0.0,1
2888,3552,0.0,1
2889,3552,0.0,1
2890,3556,0.0,1
2891,3556,0.0,1
2892,3556,0.0,1
2893,3556,0.0,1
2894,3560,0.0,1
2895,3560,0.0,1
2896,3560,0.0,1
2897,3560,0.0,1
2898,3564,0.0,1
2899,3564,0.0,1
2900,3564,0.0,1
2901,3564,0.0,1
2902,3568,0.0,1
2903,3568,0.0,1
2904,3568,0.0,1
2905,3568,0.0,1
2906,3572,0.0,1
2907,3572,0.0,1
2908,3572,0.0,1
2909,3572,0.0,1
2910,3576,0.0,1
2911,3576,0.0,1
2912,3576,0.0,1
2913,3576,0.0,1
2914,3580,0.0,1
2915,3580,0.0,1
2916,3580,0.0,1
2917,3580,0.0,1
2918,3584,0.0,1
2919,3584,0.0,1
2920,3584,0.0,1
2921,3584,0.0,1
2922,3588,0.0,1
2923,3588,0.0,1
2924,3588,0.0,1
2925,3588,0.0,1
2926,3592,0.0,1
2927,3592,0.0,1
2928,3592,0.0,1
2929,3592,0.0,1
2930,3596,0.0,1
2931,3596,0.0,1
2932,3596,0.0,1
2933,3596,0.0,1
2934,3600,0.0,1
2935,3600,0.0,1
2936,3600,0.0,1
2937,3600,0.0,1
2938,3604,0.0,1
2939,3604,0.0,1
2940,3604,0.0,1
2941,3604,0.0,1
2942,3608,0.0,1
2943,3608,0.0,1
2944,3608,0.0,1
2945,3608,0.0,1
2946,3612,0.0,1
2947,3612,0.0,1
2948,3612,0.0,1
2949,3612,0.0,1
2950,3616,0.0,1
2951,3616,0.0,1
2952,3616,0.0,1
2953,3616,0.0,1
2954,3620,0.0,1
2955,3620,0.0,1
2956,3620,0.0,1
2957,3620,0.0,1
2958,3624,0.0,1
2959,3624,0.0,1
2960,3624,0.0,1
2961,3624,0.0,1
2962,3628,0.0,1
2963,3628,0.0,1
2964,3628,0.0,1
2965,3628,0.0,1
2966,3632,0.0,1
2967,3632,0.0,1
2968,3632,0.0,1
2969,3632,0.0,1
2970,3636,0.0,1
2971,3636,0.0,1
2972,3636,0.0,1
2973,3636,0.0,1
2974,3640,0.0,1
2975,3640,0.0,1
2976,3640,0.0,1
2977,3640,0.0,1
2978,3644,0.0,1
2979,3644,0.0,1
2980,3644,0.0,1
2981,3644,0.0,1
2982,3648,0.0,1
2983,3648,0.0,1
2984,3648,0.0,1
2985,3648,0.0,1
2986,3652,0.0,1
2987,3652,0.0,1
2988,3652,0.0,1
2989,3652,0.0,1
2990,3656,0.0,1
2991,3656,0.0,1
2992,3656,0.0,1
2993,3656,0.0,1
2994,3660,0.0,1
2995,3660,0.0,1
2996,3660,0.0,1
2997,3660,0.0,1
2998,3664,0.0,1
2999,3664,0.0,1
3000,3664,0.0,1
3001,3664,0.0,1
3002,3668,0.0,1
3003,3668,0.0,1
3004,3668,0.0,1
3005,3668,0.0,1
3006,3672,0.0,1
3007,3672,0.0,1
3008,3672,0.0,1
3009,3672,0.0,1
3010,3676,0.0,1
3011,3676,0.0,1
3012,3676,0.0,1
3013,3676,0.0,1
3014,3680,0.0,1
3015,3680,0.0,1
3016,3680,0.0,1
3017,3680,0.0,1
3018,3684,0.0,1
3019,3684,0.0,1
3020,3684,0.0,1
3021,3684,0.0,1
3022,3688,0.0,1
3023,3688,0.0,1
3024,3688,0.0,1
3025,3688,0.0,1
3026,3692,0.0,1
3027,3692,0.0,1
3028,3692,0.0,1
3029,3692,0.0,1
3030,3696,0.0,1
3031,3696,0.0,1
3032,3696,0.0,1
3033,3696,0.0,1
3034,3700,0.0,1
3035,3700,0.0,1
3036,3700,0.0,1
3037,3700,0.0,1
3038,3704,0.0,1
3039,3704,0.0,1
3040,3704,0.0,1
3041,3704,0.0,1
3042,3708,0.0,1
3043,3708,0.0,1
3044,3708,0.0,1
3045,3708,0.0,1
3046,3712,0.0,1
3047,3712,0.0,1
3048,3712,0.0,1
3049,3712,0.0,1
3050,3716,0.0,1
3051,3716,0.0,1
3052,3716,0.0,1
3053,3716,0.0,1
3054,3720,0.0,1
3055,3720,0.0,1
3056,3720,0.0,1
3057,3720,0.0,1
3058,3724,0.0,1
3059,3724,0.0,1
3060,3724,0.0,1
3061,3724,0.0,1
3062,3728,0.0,1
3063,3728,0.0,1
3064,3728,0.0,1
3065,3728,0.0,1
3066,3732,0.0,1
3067,3732,0.0,1
3068,3732,0.0,1
3069,3732,0.0,1
3070,3736,0.0,1
3071,3736,0.0,1
3072,3736,0.0,1
3073,3736,0.0,1
3074,3740,0.0,1
3075,3740,0.0,1
3076,3740,0.0,1
3077,3740,0.0,1
3078,3744,0.0,1
3079,3744,0.0,1
3080,3744,0.0,1
3081,3744,0.0,1
3082,3748,0.0,1
3083,3748,0.0,1
3084,3748,0.0,1
3085,3748,0.0,1
3086,3752,0.0,1
3087,3752,0.0,1
3088,3752,0.0,1
3089,3752,0.0,1
3090,3756,0.0,1
3091,3756,0.0,1
3092,3756,0.0,1
3093,3756,0.0,1
3094,3760,0.0,1
3095,3760,0.0,1
3096,3760,0.0,1
3097,3760,0.0,1
3098,3764,0.0,1
3099,3764,0.0,1
3100,3764,0.0,1
3101,3764,0.0,1
3102,3768,0.0,1
3103,3768,0.0,1
3104,3768,0.0,1
3105,3768,0.0,1
3106,3772,0.0,1
3107,3772,0.0,1
3108,3772,0.0,1
3109,3772,0.0,1
3110,3776,0.0,1
3111,3776,0.0,1
3112,3776,0.0,1
3113,3776,0.0,1
3114,3780,0.0,1
3115,3780,0.0,1
3116,3780,0.0,1
3117,3780,0.0,1
3118,3784,0.0,1
3119,3784,0.0,1
3120,3784,0.0,1
3121,3784,0.0,1
3122,3788,0.0,1
3123,3788,0.0,1
3124,3788,0.0,1
3125,3788,0.0,1
3126,3792,0.0,1
3127,3792,0.0,1
3128,3792,0.0,1
3129,3792,0.0,1
3130,3796,0.0,1
3131,3796,0.0,1
3132,3796,0.0,1
3133,3796,0.0,1
3134,3800,0.0,1
3135,3800,0.0,1
3136,3800,0.0,1
3137,3800,0.0,1
3138,3804,0.0,1
3139,3804,0.0,1
3140,3804,0.0,1
3141,3804,0.0,1
3142,3808,0.0,1
3143,3808,0.0,1
3144,3808,0.0,1
3145,3808,0.0,1
3146,3812,0.0,1
3147,3812,0.0,1
3148,3812,0.0,1
3149,3812,0.0,1
3150,3816,0.0,1
3151,3816,0.0,1
3152,3816,0.0,1
3153,3816,0.0,1
